File,STT_Text,Intent,Response,STT_Latency,LLM_Latency,E2E_Latency,RTF,CPU_utilization_avg,GPU_compute_utilization,RAM_Used_Avg_MB,Net_Sent_KB,Net_Recv_KB,Action_Command,STT_Net_Sent_KB,STT_Net_Recv_KB,LLM_Net_Sent_KB,LLM_Net_Recv_KB,RAM_Used_Peak_MB,Prompt_Tokens,Completion_Tokens,Cost_USD
EC_0179-5235-04-04-PSJ-F-04-A.wav,지금 참은 전체 다 닫아줘.,control,전체 창문을 모두 닫을게요.,1.914,0.86,2.775,1.005,10.1,0.0,4664.3,267.52,17.88,close_windows(all),264.159,8.61,3.68,11.226,4666,384,31,0.001106
EC_0179-5236-04-04-PSJ-F-04-A.wav,자율주행할 때 시속 몇 킬로미터로 달리는 거야?,chat,자율주행 속도는 도로 제한속도와 설정값에 따라 달라져요.,2.358,1.026,3.384,0.855,4.6,0.0,4667.0,384.88,20.63,N/A,381.432,11.289,3.772,12.328,4667,393,33,0.00115
EC_0179-5237-04-04-PSJ-F-04-A.wav,차를 갓길에 세우도록 해줘.,control,비상등 켜고 속도 줄여 갓길로 이동해 안전히 정차할게요.,0.814,1.286,2.1,0.834,5.2,0.0,4667.0,245.3,23.89,갓길 정차(안전 정차 요청),241.486,7.98,3.939,17.201,4667,385,51,0.001388
EC_0179-5238-04-04-PSJ-F-04-A.wav,여기서 뭐하는거 같은데 시통석 창문좀 내려봐,control,조수석 창문 30% 내릴게요. 바람 세면 말해줘요.,0.942,1.039,1.981,0.452,5.3,0.0,4667.0,421.29,26.88,창문 내리기(조수석 창문 30%),417.193,9.021,4.222,18.508,4667,389,52,0.001409
EC_0179-5239-04-04-PSJ-F-04-A.wav,주행속도 스쿨존에 맞춰줘,control,스쿨존 제한속도에 맞춰 30km/h로 설정할게요.,0.907,1.277,2.184,0.775,5.1,0.0,4668.0,273.27,24.79,속도 제한 설정(스쿨존 제한속도(보통 30km/h)로 맞춤),269.848,7.52,3.744,20.258,4668,385,59,0.0015
EC_0179-5329-04-04-PSJ-F-04-A.wav,경찰차 급제보여 비켜주자,control,"비상등 켜고 속도 줄인 뒤, 우측으로 안전하게 붙어 길을 비켜요.",1.685,1.374,3.059,1.186,4.5,0.0,4667.0,251.07,25.62,"yield_to_emergency_vehicle(경찰차 접근 추정, 안전하게 양보)",247.004,7.623,4.389,20.316,4667,384,58,0.001484
EC_0179-5330-04-04-PSJ-F-04-A.wav,앞길을 향해 차 운행이중,control,전방 주행 유지하며 안전거리 확보할게요.,1.049,1.109,2.159,0.837,5.0,0.0,4667.0,250.77,20.31,전방 주행 유지(안전 운행 중),247.197,8.032,3.83,14.604,4667,383,40,0.00123
EC_0179-5331-04-04-PSJ-F-04-A.wav,사선이동 왼쪽으로,control,왼쪽 사선 이동합니다. 좌측 사각지대 확인 후 천천히 진행하세요.,1.33,1.002,2.332,0.845,4.9,0.0,4667.5,268.28,21.94,사선이동(왼쪽),264.609,8.627,3.928,15.932,4668,381,46,0.001311
EC_0179-5332-04-04-PSJ-F-04-A.wav,자동으로 내 보험의사에 알려줘,control,보험사에 자동 알림을 보내려면 보험사명과 연락처를 말해줘요.,1.145,1.18,2.325,0.775,5.2,0.0,4667.0,291.33,24.21,보험사에 사고/상황 자동 알림(사용자 요청),287.389,8.951,4.202,18.539,4667,382,52,0.001397
EC_0179-5333-04-04-PSJ-F-04-A.wav,도로 제한속도 넘지 말고 운전해,chat,알겠어요. 제한속도 지키며 안전거리 유지해 안전운전 도와드릴게요.,0.829,1.236,2.066,0.689,5.1,0.0,4667.0,290.04,19.83,N/A,286.551,9.158,3.869,12.944,4667,384,35,0.001162
EC_0179-5334-04-04-PSJ-F-04-A.wav,뒤의 경찰차가 바이키를 열어주자.,control,우측 차로로 안전하게 이동해 뒤 경찰차에 통로를 열게요.,0.841,1.214,2.054,0.744,5.0,0.0,4667.0,267.78,23.1,차로 변경(우측으로 비켜 공간 확보),264.029,8.803,4.206,17.278,4667,386,47,0.001334
EC_0179-5335-04-04-PSJ-F-04-A.wav,앞차 빨리 추월해버려,control,추월 의도 확인. 좌우·후방 사각지대 확인 후 안전할 때만 추월하세요.,0.703,1.339,2.042,0.873,5.6,0.0,4668.0,228.59,23.21,추월(안전 확인 후 가속·차선 변경),224.654,7.006,4.189,19.192,4668,382,54,0.001424
EC_0179-5336-04-04-PSJ-F-04-A.wav,앞차정도는 따라갈 수 있지?,chat,가능은 하지만 안전거리부터요. 앞차와 2~3초 간격 유지하세요.,0.722,0.867,1.588,0.646,5.9,0.0,4667.0,239.09,17.12,N/A,235.797,8.493,3.682,11.91,4667,384,32,0.00112
EC_0179-5337-04-04-PSJ-F-04-A.wav,옆에 갓길에 차 좀 붙여봐봐.,control,비상등 켜고 우측 갓길 안전지점에 서서히 정차할게요.,1.952,1.361,3.313,1.284,4.8,0.0,4667.0,251.72,28.27,우측 갓길 정차(안전한 지점에 비상등 켜고 서서히 감속),247.326,8.332,4.585,21.596,4667,387,65,0.001587
EC_0179-5338-04-04-PSJ-F-04-A.wav,앞차 답답하니까 차선 변경해줍니다.,control,사각지대 확인하고 안전하면 왼쪽 차선으로 변경할게요.,1.336,1.323,2.659,0.751,5.5,0.0,4668.0,341.13,23.07,차선 변경(안전 확인 후 추월 차선으로 변경),337.369,7.884,3.951,17.143,4668,387,49,0.001363
EC_0179-5339-04-04-PSJ-F-04-A.wav,앞차보다 빨리 가야겠으니 수월해줘.,control,차간거리를 한 단계 줄여 더 민첩하게 따라가게 할게요.,0.854,1.241,2.095,0.713,4.8,0.0,4668.0,284.75,20.79,차간거리(ACC) 감소(앞차 추월 의도),280.99,6.874,4.145,17.57,4668,388,50,0.001379
EC_0179-5340-04-04-PSJ-F-04-A.wav,지금 내 창문 다 닫아줬어,control,전체 창문 모두 닫을게요. 닫힘 상태 확인 중입니다.,0.835,1.152,1.987,0.849,5.6,0.0,4667.0,228.01,21.8,창문 닫기(전체 창문),224.59,8.482,3.679,14.605,4667,385,43,0.001276
EC_0179-5341-04-04-PSJ-F-04-A.wav,조준화면을 제일 천천히 열리게 설정해줘,control,조준화면 열림 속도를 최저로 설정해 가장 천천히 열리게 할게요.,0.935,1.286,2.221,0.685,5.1,0.0,4667.0,313.03,25.26,조준화면 열림 속도 설정(최저(가장 느림)),309.072,9.062,4.408,20.513,4667,389,58,0.001493
EC_0179-5342-04-04-PSJ-F-04-A.wav,자율주행한 최대 거리가 몇 킬로미터인지 체크해줘,info,어느 차량/시스템 기준인지 필요해요; 차종·연식·기록명을 말해줘요.,0.913,1.586,2.499,0.641,4.7,0.0,4667.0,375.71,27.83,Search(자율주행 최대 주행거리(차량/기록) 확인),371.355,8.57,4.421,19.91,4667,391,56,0.001468
EC_0179-5343-04-04-PSJ-F-04-A.wav,소방차 오니까 길가로 붙여줘,control,소방차 지나가게 우측 가장자리로 붙어 안전히 정차할게요.,1.697,1.692,3.389,1.202,4.8,0.0,4668.0,274.02,28.21,우측 가장자리로 이동 후 정차(긴급차량 양보),269.848,9.505,4.24,18.87,4668,384,53,0.001414
EC_0179-5344-04-04-PSJ-F-04-A.wav,자율주행 가능형 누가 궁금해?,chat,자율주행 가능 여부가 궁금하신가요? 차종·연식 알려주시면 바로 확인해드릴게요.,0.603,1.329,1.933,0.767,5.8,0.0,4667.0,245.06,19.81,N/A,241.569,9.147,3.878,14.983,4667,385,41,0.001248
EC_0179-5345-04-04-PSJ-F-04-A.wav,SOS 차량 오는 속도 내지 말고 기다려줘.,control,긴급차량 지나갈 때까지 속도 내지 않고 서서히 감속해 기다릴게요.,1.245,1.657,2.902,0.768,4.6,0.0,4667.0,364.32,27.12,속도 유지 및 감속(긴급차량(SOS) 접근 대응),360.041,8.451,4.405,19.957,4667,386,56,0.001459
EC_0179-5346-04-04-PSJ-F-04-A.wav,길이 위험하니까 비상정지 기능을 실행시켜줘,control,비상정지 기능 실행할게요. 브레이크 밟고 비상등 켜주세요.,1.073,1.764,2.837,0.775,4.9,0.0,4667.0,352.8,25.81,비상정지 실행(전방 위험 감지로 즉시 정지),348.77,8.868,4.285,19.264,4667,388,55,0.001449
EC_0179-5347-04-04-PSJ-F-04-A.wav,자석 온도 좀 낮춰라,control,운전석 온도를 2도 낮췄어요.,1.201,1.294,2.494,0.945,4.9,0.0,4668.0,256.82,24.95,온도 낮춤(자석(운전석) 온도 2도 낮춤),252.951,8.78,3.93,16.816,4668,381,49,0.001353
EC_0179-5348-04-04-PSJ-F-04-A.wav,자료지목 모두 꺼볼래?,control,자료지목 기능을 모두 껐어요. 필요하면 다시 켜드릴게요.,0.654,1.006,1.66,0.748,5.6,0.0,4667.0,216.95,22.87,자료지목 모두 끄기(전체 비활성화),213.146,8.226,4.062,16.601,4667,382,50,0.001368
EC_0179-5349-04-04-PSJ-F-04-A.wav,주행 기록계의 쌓인 누적 데이터 볼 수 있을까?,info,차종마다 달라요; 보통 계기판 ‘트립/정보’에서 ODO·주행거리 확인 가능해요.,0.896,1.301,2.197,0.621,5.2,0.0,4668.0,341.72,27.87,Search(주행 기록계 누적 데이터 확인 방법),337.627,10.658,4.286,18.823,4668,389,53,0.001423
EC_0179-5350-04-04-PSJ-F-04-A.wav,자율주행 모드가 필요한 시점이에요,control,자율주행 모드로 전환할게요. 주변 확인 후 핸들에서 손 떼지 마세요.,2.0,1.413,3.414,1.264,4.4,0.0,4668.0,262.4,23.94,자율주행 모드 활성화(운전자 요청),258.447,8.353,4.208,18.746,4668,385,55,0.001444
EC_0179-5351-04-04-PSJ-F-04-A.wav,지금 차 엔진 소리가 이상해. 보험사랑 지금 연락할래.,info,"보험사 앱에서 ‘긴급출동’ 눌러 접수하거나, 보험증권 콜센터로 바로 전화해요.",2.264,1.619,3.882,0.863,4.7,0.0,4667.9,431.99,28.57,Search(자동차 보험사 긴급출동/사고접수 연락 방법),427.82,11.262,4.425,19.925,4668,391,58,0.001496
EC_0179-5352-04-04-PSJ-F-04-A.wav,다음 신호등까지 자율주행해줘,control,다음 신호등까지 자율주행 모드로 전환할게요.,2.145,1.587,3.732,1.244,4.1,0.0,4667.3,290.3,21.72,자율주행 활성화(다음 신호등까지),286.744,7.883,3.879,17.036,4668,385,48,0.001346
EC_0179-5353-04-04-PSJ-F-04-A.wav,뒤에 구급차가 오고 있어 옆으로 비켜줘,control,비상등 켜고 우측 차로로 천천히 이동해 구급차에 길을 열게요.,1.34,1.446,2.787,0.911,4.2,0.0,4668.5,296.13,23.84,차로 변경(우측으로 안전하게 양보),292.176,8.248,4.277,18.58,4669,388,53,0.001421
EC_0179-5354-04-04-PSJ-F-04-A.wav,1차로로 차선 바꿔서 주행이라.,control,"좋아요, 1차로로 차선 변경할게요. 좌측 사각지대 확인 후 진행합니다.",1.083,1.338,2.42,0.593,4.9,0.0,4669.0,392.13,25.36,차선 변경(1차로로 변경),388.188,9.4,4.201,18.284,4669,388,51,0.001393
EC_0179-5355-04-04-PSJ-F-04-A.wav,자율주행으로 달린 거리 선출해주겠니?,info,가능해요. 차종·앱(예: 테슬라/현대) 알려주면 자율주행 주행거리 확인 경로만 딱 안내할게요.,1.253,1.537,2.79,0.802,5.4,0.0,4670.0,336.08,31.0,Search(자율주행 주행거리 확인 방법(차종/앱/계기판)),331.744,8.197,4.534,24.459,4670,388,74,0.001715
EC_0179-5356-04-04-PSJ-F-04-A.wav,앞창은 따라가면 목적지가 나올거야.,chat,앞차를 무작정 따라가진 마세요; 내비 목적지 설정해 안내받는 게 안전해요.,1.097,1.22,2.317,0.772,5.2,0.0,4671.4,290.12,19.79,N/A,286.551,8.144,3.822,13.969,4672,386,37,0.001194
EC_0179-5357-04-04-PSJ-F-04-A.wav,자율주행한 기록 가져와줘,info,어느 차종·앱(제조사) 쓰세요? 보통 차량앱 ‘주행기록/이력’에서 확인돼요.,0.627,1.741,2.369,0.987,5.7,0.0,4672.2,234.75,30.5,Search(자율주행 주행기록 조회 방법(차량/앱/블랙박스)),230.172,8.129,4.711,23.375,4673,382,70,0.001649
EC_0179-5358-04-04-PSJ-F-04-A.wav,조수석 창문 열어가기,control,조수석 창문을 조금 열게요. 필요하면 더 열어달라고 말해줘요.,1.156,1.176,2.332,1.05,4.4,0.0,4672.0,217.01,23.21,조수석 창문 열기(부분 개방),213.275,8.226,4.061,17.966,4672,381,50,0.001367
EC_0179-5359-04-04-PSJ-F-04-A.wav,현재 자유주행 몇 킬로미터로 달리는 중이야?,info,차량 속도 데이터에 접근이 없어 현재 자유주행 속도는 확인 불가예요.,1.125,1.344,2.468,0.748,4.8,0.0,4672.0,318.62,20.25,Search(현재 차량 자유주행 속도(km/h)),314.912,7.601,4.026,16.919,4672,390,47,0.00134
EC_0179-5360-04-04-PSJ-F-04-A.wav,문은 다 닫아줘요,control,모든 문 닫고 잠금까지 설정할게요. 닫힘 상태 확인 중입니다.,0.918,1.215,2.132,0.846,5.8,0.0,4673.0,245.73,25.86,close_all_doors(안전 위해 전 도어 잠금/닫힘),241.615,8.573,4.248,18.574,4673,381,54,0.001423
EC_0179-5361-04-04-PSJ-F-04-A.wav,너무 더워 자석 시원하게,control,"에어컨 켜고 20도로 낮췄어요. 풍량 3, 내기순환으로 시원하게 할게요.",0.73,1.799,2.528,1.003,4.8,0.0,4672.0,246.25,32.55,"에어컨 켜기 및 온도 낮춤(20°C, A/C ON, 풍량 3, 내기순환)",241.61,9.085,4.838,25.128,4672,382,76,0.001733
EC_0179-5362-04-04-PSJ-F-04-A.wav,차선 변경은 이쪽으로 할래요,control,"알겠어요, 말씀하신 이쪽 방향으로 차선 변경할게요.",0.555,1.235,1.79,0.746,5.1,0.0,4673.0,233.79,21.34,차선 변경(사용자 요청 방향(이쪽)으로 변경),229.979,7.074,4.135,17.209,4673,383,48,0.001342
EC_0179-5363-04-04-PSJ-F-04-A.wav,자동으로 보험의사랑 콘택트해줘,control,지금 보험 담당자에게 자동으로 연락 요청을 보낼게요.,1.935,1.378,3.313,1.255,4.2,0.0,4672.0,256.7,22.04,보험 담당자에게 자동 연락(보험의사랑 콘택트 요청),252.822,7.379,4.075,16.979,4672,384,47,0.00133
EC_0179-5364-04-04-PSJ-F-04-A.wav,보급차 보내고 자율주행 시행,control,자율주행을 시작할게요. 보급차 호출은 현재 지원하지 않아요.,0.867,3.922,4.788,1.506,4.0,0.0,4672.0,310.16,26.51,자율주행 시작(보급차 호출은 차량 제어 불가로 미지원),306.545,7.885,3.748,19.916,4672,383,56,0.001454
EC_0179-5365-04-04-PSJ-F-04-A.wav,에어컨 바람 차 내부에서만 틀어줘.,control,내기순환으로 전환해 차 안 공기만 돌리겠습니다.,0.765,1.08,1.845,0.654,5.3,0.0,4672.0,273.28,19.25,공조 내기순환 설정(ON),269.783,7.933,3.885,15.265,4672,387,42,0.001265
EC_0179-5366-04-04-PSJ-F-04-A.wav,주행 중에는 조수석 창 닫아줘.,control,조수석 창문 닫겠습니다. 손가락 끼임 주의하세요.,1.723,1.178,2.901,1.007,4.8,0.0,4672.0,279.03,23.13,조수석 창문 닫기(주행 중 요청),275.215,8.491,4.072,16.299,4672,386,48,0.001347
EC_0179-5367-04-04-PSJ-F-04-A.wav,자율주행 기록에 뭐 있는지 확인하래.,control,자율주행 기록에서 최근 로그와 경고·개입 내역을 확인할게요.,1.918,1.401,3.319,0.907,4.8,0.0,4673.0,352.79,26.88,자율주행 기록 확인(최근 주행 로그/이벤트/경고 내역 조회),348.512,7.943,4.468,20.889,4673,386,58,0.001488
EC_0179-5368-04-04-PSJ-F-04-A.wav,배열 주행 가능한지 체크하자,control,배열 주행 가능 여부 점검할게요. 지원·활성화 상태부터 확인합니다.,0.724,1.556,2.28,0.927,5.2,0.0,4672.0,239.93,27.28,주행 가능 여부 점검(배열(정렬) 주행 모드 지원 및 활성화 상태 확인),235.732,7.068,4.393,21.868,4672,382,61,0.001522
EC_0179-5369-04-04-PSJ-F-04-A.wav,얼마동안 자율주행으로 달린건지 알려줘,info,지금은 차량 데이터 접근이 안 돼요; 계기판 ‘자율주행 시간’에서 확인해요.,1.297,1.494,2.791,0.878,5.4,0.0,4672.0,307.66,28.15,Search(자율주행 활성화 누적 시간(현재 주행 세션)),303.576,10.333,4.343,20.432,4672,387,57,0.001475
EC_0179-5370-04-04-PSJ-F-04-A.wav,시트 따뜻하게 해줄래?,control,운전석 시트 열선 2단으로 켰어요. 뜨거우면 말해줘요.,1.344,1.359,2.703,1.218,4.6,0.0,4672.0,216.95,21.73,시트 열선 켜기(운전석 2단),213.146,7.77,4.255,18.566,4672,382,55,0.001439
EC_0179-5371-04-04-PSJ-F-04-A.wav,뒷자리 참음 미리 열어놔.,control,뒷좌석 창문을 미리 조금 열어둘게요.,0.672,1.06,1.732,0.687,4.7,0.0,4673.0,244.91,20.54,rear_window_open(slightly (pre-open)),241.357,7.007,3.679,14.819,4673,386,43,0.001277
EC_0179-5372-04-04-PSJ-F-04-A.wav,앞에 있는 차보다 먼저 다닐게.,control,추월 의도 감지했어요. 안전거리·사각지대 확인 후 가능할 때만 진행하세요.,2.843,1.513,4.357,1.65,4.0,0.0,4672.0,259.28,25.84,추월 시도(전방 차량보다 먼저 진행 요청),255.207,9.252,4.33,18.913,4672,384,53,0.001414
EC_0179-5373-04-04-PSJ-F-04-A.wav,현대보험 운주주인에게 전화가 오신다.,chat,현대보험에서 전화가 온다는 뜻인가요? 안전하면 잠시 정차 후 받으세요.,2.186,1.001,3.187,1.084,4.2,0.0,4673.0,284.24,18.97,N/A,280.99,9.676,3.696,12.579,4673,387,34,0.001153
EC_0179-5374-04-04-PSJ-F-04-A.wav,각길로 가게 쳐서만 변경해주는,control,가까운 가게로 가는 경로로 변경할게요. 안전하게 진행합니다.,1.048,1.263,2.311,0.896,4.8,0.0,4672.0,250.82,23.39,경로 변경(가까운 가게로 우회 경로 설정),247.004,7.475,4.138,18.535,4672,386,52,0.001404
EC_0179-5375-04-04-PSJ-F-04-A.wav,조수석도 문 잠겨있어?,control,지금 조수석 도어 잠금 상태를 확인해볼게요.,1.257,1.041,2.298,0.87,4.9,0.0,4672.0,257.01,20.11,도어 잠금 상태 확인(조수석),253.273,7.47,3.997,15.583,4672,383,43,0.001272
EC_0179-5376-04-04-PSJ-F-04-A.wav,타이어에 문제 생기면 보험사에 다이렉트로 연락해줘.,control,좋아요. 타이어 이상 감지되면 보험사로 바로 연결되게 설정할게요.,1.996,1.434,3.43,0.853,4.6,0.0,4673.0,387.03,27.81,긴급상황 시 보험사 즉시연결 설정(타이어 문제 발생 시 자동 연락),382.691,9.18,4.53,20.582,4673,392,58,0.001498
EC_0179-5377-04-04-PSJ-F-04-A.wav,자율주행 모드에서는 가장 멸료있는 차선을 찾아서 변경하도록 해.,control,자율주행에서 가장 유리한 차선 탐색 후 안전 시 자동 변경할게요.,1.427,1.321,2.748,0.559,4.6,0.0,4673.0,471.87,29.81,자율주행 차선변경 설정(가장 유리한 차선 자동 탐색 후 변경),467.496,9.551,4.506,21.552,4673,393,60,0.001528
EC_0179-5378-04-04-PSJ-F-04-A.wav,피터사람이 얼굴에 안개해줘,chat,‘피터’가 누구인지와 ‘얼굴에 안개’가 사진 편집인지 확인해줘요.,0.988,1.004,1.992,0.651,5.3,0.0,4672.0,296.12,21.96,N/A,292.434,8.895,3.747,13.236,4672,384,36,0.001176
EC_0179-5379-04-04-PSJ-F-04-A.wav,넘방 바람세기를 한단계 줄여줘.,control,뒷좌석 바람 세기를 한 단계 줄였어요.,1.929,601.618,603.547,197.238,3.1,0.0,4673.7,301.95,82.41,fan_speed_down(1단계 감소),292.398,9.657,9.874,76.331,4675,386,39,0.001221
EC_0179-5380-04-04-PSJ-F-04-A.wav,오늘 자율주행 모두 켰어?,control,지금 자율주행이 모두 켜졌는지 상태를 확인할게요.,1.825,1.464,3.289,1.246,4.7,0.0,4675.5,256.86,23.86,자율주행 상태 확인(요청: 오늘 자율주행 전체 활성화 여부),252.951,7.014,4.171,19.171,4676,383,55,0.00144
EC_0179-5381-04-04-PSJ-F-04-A.wav,자율주행 모드 몇 킬로미터로 맞춰져있어?,control,자율주행 설정 속도를 확인할게요. 잠시만요.,1.298,1.16,2.457,0.836,4.9,0.0,4675.5,284.95,23.35,자율주행 속도 확인(현재 설정값 조회),281.055,9.369,4.087,16.301,4676,392,45,0.001316
EC_0179-5382-04-04-PSJ-F-04-A.wav,사고가 났나봐. 앰뷸런스 먼저 보내줘야겠어.,control,지금 119에 연결해 구급차 요청할게요. 안전한 곳에 정차 가능해요?,3.309,1.39,4.699,1.205,3.9,0.0,4676.0,375.51,28.19,긴급구조요청(119 연결 및 사고 위치 전송),371.227,9.579,4.413,19.61,4676,394,55,0.001459
EC_0179-5383-04-04-PSJ-F-04-A.wav,좌석단속카메라 주행속도에 맞춰줘.,control,좌석단속카메라 구간 제한속도에 맞춰 속도 자동 조절할게요.,2.337,1.449,3.786,1.191,4.5,0.0,4676.1,307.91,29.25,속도 조절(좌석단속카메라 구간 제한속도에 맞춤),303.576,9.362,4.466,21.18,4677,389,60,0.001521
EC_0179-5384-04-04-PSJ-F-04-A.wav,앞차보다 빨리 가고 싶어 추월해,control,좌측 사각지대와 깜빡이 확인 후 안전하면 추월할게요.,1.098,1.193,2.291,0.764,5.0,0.0,4676.0,290.75,23.09,추월(안전 확인 후 좌측 차로로 추월),286.809,7.79,4.139,17.917,4676,385,52,0.001402
EC_0179-5385-04-04-PSJ-F-04-A.wav,왼쪽 차선에서 몰아,control,왼쪽 차선으로 변경할게요. 주변 차량 확인 후 진행합니다.,1.769,1.112,2.881,1.2,4.3,0.0,4675.0,233.97,21.21,차선 변경(왼쪽 차선으로 이동),230.172,6.697,3.929,15.516,4675,381,45,0.001297
EC_0179-5386-04-04-PSJ-F-04-A.wav,속도좀 높여 앞차 추월해,control,안전거리 확인하고 좌측 차로로 추월할게요.,1.972,1.682,3.654,1.324,4.0,0.0,4676.0,267.9,26.04,가속 및 추월 보조(안전거리 확보 후 좌측 차로로 추월),263.965,9.447,4.129,18.547,4676,383,52,0.001398
EC_0179-5387-04-04-PSJ-F-04-A.wav,최고속도가 80km 넘지 않게 해,control,최고속도를 80km/h로 제한해 80을 넘지 않게 설정할게요.,3.233,1.075,4.309,1.238,4.2,0.0,4676.0,335.81,23.67,속도 제한 설정(최고속도 80km/h),331.938,8.442,4.198,18.512,4676,385,52,0.001402
EC_0179-5388-04-04-PSJ-F-04-A.wav,정차 3분 후 뒷자리 창문 자동 열림 설정,control,정차 후 3분 뒤 뒷자리 창문이 자동으로 열리게 설정할게요.,0.851,1.139,1.99,0.488,9.6,0.0,4677.0,392.53,23.92,뒷자리 창문 자동 열림(정차 후 3분),388.68,8.365,4.169,18.838,4677,389,56,0.001465
EC_0179-5389-04-04-PSJ-F-04-A.wav,교수석 창은 니가 닫아줘,control,알겠어요. 조수석 창문을 지금 닫을게요.,0.788,1.362,2.15,0.968,4.6,0.0,4677.7,216.76,18.91,close_window(front_passenger),213.211,7.363,3.807,13.863,4678,384,39,0.001218
EC_0179-5390-04-04-PSJ-F-04-A.wav,10초 이상 반응이 없으면 보험사에 연락과 동시에 구독자를 불러줘.,control,무응답 10초면 보험사 연락과 구독자 호출을 동시에 실행할게요.,1.28,1.42,2.7,0.57,5.0,0.0,4678.0,454.98,30.34,무응답 10초 비상연락 설정(보험사 자동연락+구독자 호출 동시 실행),450.535,9.856,4.635,22.146,4678,394,63,0.001571
EC_0179-5391-04-04-PSJ-F-04-A.wav,좌석 온도 한 단계에 맞춰줘,control,좌석 온도를 1단계로 맞췄어요.,1.313,1.884,3.197,1.211,4.5,0.0,4678.0,256.18,17.2,좌석 온도 조절(1단계),252.758,8.589,3.939,14.247,4678,383,41,0.001244
EC_0179-5392-04-04-PSJ-F-04-A.wav,마지막으로 자율주행 사용방법 알려줄래?,chat,"차종마다 달라요. 보통 크루즈 버튼 켜고 차선유지 켠 뒤, 계기판 ‘자율’ 표시 확인하세요.",1.019,1.382,2.401,0.715,7.7,0.0,4677.0,324.43,22.18,N/A,320.602,8.914,4.15,15.889,4677,386,46,0.001319
EC_0179-5393-04-04-PSJ-F-04-A.wav,지금 자율여행 모드 어때?,control,자율주행 모드 상태를 확인할게요. 활성 여부와 경고 표시만 봐주세요.,0.625,1.381,2.006,0.904,4.9,0.0,4676.6,217.78,26.34,자율주행 모드 상태 확인(현재 활성/대기 여부 점검),213.521,7.671,4.388,19.918,4677,384,57,0.00147
EC_0179-5394-04-04-PSJ-F-04-A.wav,이제 자동주행으로 달리는게 가능한지 알려줘.,info,차종·기능과 현재 도로에 따라 달라요; 차종과 위치를 말해줘요.,0.921,1.544,2.466,0.709,4.2,0.0,4677.0,335.9,28.49,Search(현재 위치에서 자동주행 가능 여부(차종·기능·도로·법규)),331.744,10.189,4.479,20.92,4677,387,59,0.001503
EC_0179-5395-04-04-PSJ-F-04-A.wav,샤샤 미스틱 모드 하지마,control,알겠어요. 샤샤 미스틱 모드는 지금부터 끌게요.,1.526,1.224,2.75,1.175,4.6,0.0,4677.0,228.27,24.01,미스틱 모드 비활성화(사용자 요청),224.654,8.785,3.742,16.514,4677,384,49,0.001358
EC_0179-5396-04-04-PSJ-F-04-A.wav,에어컨은 현재 온도보다 시원하게,control,에어컨 온도를 현재보다 2도 낮춰 더 시원하게 설정할게요.,0.861,1.084,1.945,0.69,5.2,0.0,4676.9,273.73,23.75,에어컨 온도 낮춤(현재 설정온도보다 2도 낮게),269.912,7.635,4.141,19.398,4677,384,55,0.001442
EC_0179-5397-04-04-PSJ-F-04-A.wav,뒷자리 창문 잠금 모드 켜줘,control,뒷좌석 창문 잠금 모드 켰어요. 필요하면 해제도 말해줘요.,1.877,1.462,3.339,1.159,4.1,0.0,4677.0,279.35,23.57,뒷좌석 창문 잠금(ON),275.473,8.641,4.068,16.877,4677,386,52,0.001404
EC_0179-5398-04-04-PSJ-F-04-A.wav,앞길에 잠깐 정차해야겠어요,control,비상등 켜고 우측 가장자리 안전지대에 천천히 정차하세요.,1.671,1.388,3.059,1.244,4.7,0.0,4676.0,239.93,25.44,비상등 켜기 및 안전 정차 안내(우측 가장자리 안전지대에 정차),235.926,7.777,4.327,20.648,4676,384,59,0.001498
EC_0179-5399-04-04-PSJ-F-04-A.wav,앰뷸런스에 지나갈 수 있게 길 열어줘.,control,"우측 가장자리로 천천히 붙고, 안전하면 정차해 길을 열게요.",1.455,1.419,2.874,1.041,4.4,0.0,4677.0,268.3,27.93,비상차량 양보(우측 가장자리로 서서히 이동 후 안전 시 정차),264.094,8.3,4.34,20.918,4677,389,59,0.001507
EC_0179-5400-04-04-PSJ-F-04-A.wav,길을 비켜줘야 구급차량이 빨리 갈 수 있어.,chat,"맞아요, 사이렌 들리면 안전하게 우측으로 붙고 길을 비워주세요.",0.941,1.076,2.017,0.622,5.6,0.0,4677.0,312.41,18.92,N/A,309.091,9.624,3.702,11.912,4677,390,32,0.00113
EC_0179-5401-04-04-PSJ-F-04-A.wav,밖길에서 대기,control,안전한 곳에 차를 세우고 비상등 켠 뒤 대기할게요.,1.558,1.503,3.06,1.645,4.4,0.0,4676.2,183.45,25.49,정차 후 대기(안전한 갓길/주차 가능 구역에 정차),179.332,7.91,4.373,20.19,4677,378,59,0.001488
EC_0179-5402-04-04-PSJ-F-04-A.wav,자동운전 언제 사용해?,chat,"차선이 선명한 고속도로 정체·순항 때만, 악천후·공사구간은 피하세요.",0.703,1.371,2.074,0.96,4.8,0.0,4677.0,211.11,19.54,N/A,207.564,8.581,3.997,14.605,4677,380,40,0.001225
EC_0179-5403-04-04-PSJ-F-04-A.wav,각 빌로 바꿔서 잠시 세울래요,control,갓길이나 안전지대로 차선 변경 후 비상등 켜고 잠시 정차할게요.,2.064,1.621,3.685,1.462,4.6,0.0,4677.0,245.69,26.54,차선 변경 후 정차(갓길/안전지대로 이동해 비상등 켠 뒤 정차),241.486,7.676,4.458,22.06,4677,388,67,0.001617
EC_0179-5404-04-04-PSJ-F-04-A.wav,사성이지모드 후 실시,control,사성이지모드로 전환해 바로 실행할게요.,2.086,1.058,3.145,1.191,4.5,0.0,4677.0,256.69,22.31,사성이지모드 실행(요청하신 모드로 전환),252.758,6.955,4.125,17.013,4677,380,47,0.001323
EC_0179-5405-04-04-PSJ-F-04-A.wav,그럼 평균 자유주의 시간은 얼마야?,info,‘자유주의 시간’은 통상 쓰는 지표가 아니라 뜻을 알려주면 평균을 찾아줄게요.,2.006,1.415,3.421,1.296,4.1,0.0,4676.1,256.84,23.52,Search(평균 자유주의 시간 의미 및 평균 소요시간),252.822,7.585,4.271,18.553,4677,383,52,0.001398
EC_0179-5406-04-04-PSJ-F-04-A.wav,좌석에 바람이 안 통해 승분기는 켜줘.,control,운전석 시트 통풍 2단으로 켰어요. 더 강하게 할까요?,0.823,1.245,2.068,0.556,5.1,0.0,4677.0,358.22,22.98,시트 통풍 켜기(운전석 통풍 2단),354.459,8.26,4.018,17.883,4677,388,53,0.001421
EC_0179-5407-04-04-PSJ-F-04-A.wav,에어컨 온도 2도 더 내려줘,control,에어컨 온도를 2도 낮췄어요. 더 조절할까요?,1.246,1.211,2.456,0.772,4.9,0.0,4677.0,307.26,23.57,에어컨 온도 내림(현재 설정에서 -2°C),303.576,10.062,4.066,17.108,4677,384,50,0.001372
EC_0179-5408-04-04-PSJ-F-04-A.wav,앞 시트만 퐁퐁켜주겠니?,control,앞좌석 통풍만 켰어요. 뒷좌석은 꺼둔 상태입니다.,0.732,0.955,1.687,0.721,5.1,0.0,4676.0,228.14,18.83,seat_ventilation(front_on),224.59,7.574,3.936,14.906,4676,388,46,0.001323
EC_0179-5409-04-04-PSJ-F-04-A.wav,문제시 보험회사랑 자동으로 연결해야 해.,control,좋아요. 사고 감지되면 보험사로 자동 연결되게 설정할게요.,0.8,1.01,1.81,0.52,4.7,0.0,4677.0,335.64,23.87,긴급 연락 설정(사고 감지 시 보험사 자동 연결),331.744,8.861,4.216,18.29,4677,385,50,0.001374
EC_0179-5410-04-04-PSJ-F-04-A.wav,자유주행속도 지금 체크해줘,control,지금 자유주행(크루즈) 설정 속도 확인해드릴게요.,0.844,1.012,1.856,0.644,5.3,0.0,4676.0,279.16,24.66,자유주행속도 확인(현재 설정값 조회),275.279,8.184,4.005,17.119,4676,383,48,0.001342
EC_0179-5411-04-04-PSJ-F-04-A.wav,기상식 봉사연락처로 발신 설정해,control,발신자를 기상식 봉사연락처로 설정할게요.,1.278,1.066,2.344,0.698,4.5,0.0,4676.0,324.29,21.55,발신자 설정(기상식 봉사연락처),320.537,8.295,4.076,16.538,4676,386,46,0.001319
EC_0179-5412-04-04-PSJ-F-04-A.wav,시트 통풍 파워 모드로 실행,control,시트 통풍을 파워 모드로 켰어요.,0.726,0.902,1.628,0.565,5.8,0.0,4676.0,278.77,19.43,시트 통풍(파워 모드),275.215,7.877,3.811,13.88,4676,383,39,0.001216
EC_0179-5413-04-04-PSJ-F-04-A.wav,여기서부터 비상장치 모두 꺼줄래?,control,비상등과 관련 경고장치 전부 해제할게요.,1.026,1.241,2.267,0.713,4.7,0.0,4677.0,307.72,28.02,비상장치 전체 해제(요청에 따라 비상등·경고장치 모두 끔),303.576,9.463,4.271,19.561,4677,387,56,0.001461
EC_0179-5414-04-04-PSJ-F-04-A.wav,보험회사에 자동으로 전화연결하고 어떻게 성공하는지 설명해줘.,control,보험사 고객센터로 바로 연결할게요. 본인확인 후 사고·보상 메뉴로 진행하면 돼요.,2.277,1.35,3.627,0.72,4.2,0.0,4676.0,483.11,28.36,전화 연결(보험회사 고객센터로 자동 발신),478.865,9.212,4.246,19.1,4676,390,55,0.001452
EC_0179-5415-04-04-PSJ-F-04-A.wav,피터 온도가 너무 낮아 두께올려줘,control,히터 온도를 2도 올려서 더 따뜻하게 맞출게요.,2.221,1.354,3.575,1.241,4.2,0.0,4676.0,279.16,21.38,히터 온도 올림(2도 상승),275.344,7.837,4.077,16.161,4676,385,45,0.001304
EC_0179-5416-04-04-PSJ-F-04-A.wav,실내 온도 26도 에서 에어컨 틀어,control,에어컨 켜고 실내 온도 26도로 맞췄어요.,0.965,1.085,2.05,0.645,5.3,0.0,4677.0,307.33,22.54,에어컨 켜기(설정온도 26도),303.641,8.339,3.881,16.157,4677,388,49,0.001365
EC_0179-5417-04-04-PSJ-F-04-A.wav,기상시에는 자동으로 보험회사에 연락해줘.,control,사고 감지 시 보험사에 자동 연락하도록 설정할게요.,1.102,1.162,2.265,0.651,4.7,0.0,4677.0,335.51,24.74,사고 시 보험사 자동연락(자동으로 설정),331.809,9.933,3.831,15.81,4677,386,44,0.001292
EC_0179-5418-04-04-PSJ-F-04-A.wav,계속 2차선 위치에서 운전해.,control,알겠어요. 계속 2차선 중앙에 맞춰 안전하게 유지할게요.,1.801,1.314,3.115,1.154,4.1,0.0,4676.2,262.13,24.78,차선 유지(2차선 유지),258.447,9.308,3.747,15.638,4677,385,44,0.00129
EC_0179-5419-04-04-PSJ-F-04-A.wav,자율주행기는 지금 쓸 수 있을까?,info,대부분은 레벨2 보조만 가능해요; 레벨3는 허가된 차·구간에서만 됩니다.,0.847,1.165,2.012,0.762,4.9,0.0,4677.0,256.83,26.77,Search(한국 자율주행 기능 사용 가능 여부(레벨2/레벨3)),252.822,7.891,4.269,21.159,4677,385,60,0.001514
EC_0179-5420-04-04-PSJ-F-04-A.wav,시트 온도가 너무 높아서 그런데 통풍 좀 켜줘,control,운전석 시트 통풍 2단으로 켰어요. 더 강하게도 올릴까요?,0.953,1.404,2.357,0.655,4.9,0.0,4677.0,354.4,29.42,시트 통풍 켜기(운전석 통풍 2단(시트 온도 낮춤)),349.92,8.605,4.543,21.46,4677,387,63,0.001559
EC_0179-5421-04-04-PSJ-F-04-A.wav,자율주행속도 변화 보정,control,자율주행 속도 변화 보정을 중간으로 맞출게요.,1.816,1.225,3.041,1.179,4.5,0.0,4677.0,251.07,24.8,자율주행 속도 변화 보정(중간(기본)으로 설정),247.262,8.59,3.999,18.158,4677,382,51,0.001383
EC_0179-5422-04-04-PSJ-F-04-A.wav,앞차가 정차하면 따라서 정차해,control,앞차가 멈추면 안전거리 유지하며 함께 정차하도록 설정할게요.,0.786,1.521,2.307,0.854,5.3,0.0,4677.0,262.17,21.99,앞차 정차 시 자동 정차(안전거리 유지 후 정지),258.383,6.757,4.114,18.215,4677,383,52,0.001398
EC_0179-5423-04-04-PSJ-F-04-A.wav,짐 실어야 하니 전자창문 열어줄래?,control,짐 싣기 편하게 모든 전자창문을 열어둘게요.,1.841,1.088,2.928,1.038,4.5,0.0,4677.0,273.3,21.63,전자창문 열기(전체 창문 열기),269.802,8.394,3.756,15.849,4677,388,45,0.001309
EC_0179-5424-04-04-PSJ-F-04-A.wav,시트에 바람 켜줘.,control,운전석 시트 통풍을 켤게요. 강도는 1단으로 시작합니다.,2.885,1.223,4.108,1.712,4.1,0.0,4677.0,234.1,23.9,시트 통풍 켜기(운전석(기본)),230.301,8.372,4.12,18.518,4677,382,54,0.001424
EC_0179-5425-04-04-PSJ-F-04-A.wav,각길로 잠시 빠져줄래?,control,우측 방향지시등 켜고 안전 확인 후 갓길로 잠시 이동할게요.,0.805,1.175,1.98,0.892,4.9,0.0,4677.0,217.29,24.91,차선 변경(우측 갓길로 잠시 이동),213.294,8.332,4.126,17.576,4677,383,52,0.001398
EC_0179-5426-04-04-PSJ-F-04-A.wav,에어컨 쬐면 뒷자리문 닫아.,control,뒷좌석 문 잠금으로 설정할게요. 안전 위해 주행 중엔 정차 후 확인하세요.,1.85,1.531,3.381,1.252,5.1,0.0,4677.0,262.97,27.77,뒷좌석 도어 잠금(에어컨 바람 유입 줄이기 위해),258.576,7.828,4.52,20.944,4677,389,63,0.001563
EC_0179-5427-04-04-PSJ-F-04-A.wav,자율주행속도 지금 어느정도야?,info,차량 데이터에 접근이 안 돼요. 계기판의 설정속도 표시를 확인해줘요.,1.95,1.156,3.106,1.233,4.0,0.0,4678.0,245.56,24.84,Search(현재 자율주행 설정 속도),241.486,8.29,4.073,16.552,4678,385,47,0.001332
EC_0179-5428-04-04-PSJ-F-04-A.wav,기상시 차 바로 멈춰줘,control,비상등 켜고 서서히 감속해 안전한 갓길에 정차할게요.,0.825,1.159,1.984,0.827,4.9,0.0,4677.0,234.3,26.54,긴급정지(기상 시 즉시 정차 요청),230.172,8.479,4.19,18.231,4677,382,53,0.001411
EC_0179-5429-04-04-PSJ-F-04-A.wav,앞에 차 따라잡기 가능해?,control,지금은 앞차와 안전거리부터 확보할게요. 무리한 추월은 피하세요.,0.795,1.469,2.264,0.858,4.5,0.0,4677.0,257.21,26.18,차간거리/속도 조절(안전거리 유지하며 필요 시 감속),253.08,7.924,4.323,20.208,4677,382,57,0.001466
EC_0179-5430-04-04-PSJ-F-04-A.wav,뒷자리 통풍단계 하나 올려줄래?,control,뒷좌석 통풍을 한 단계 올렸어요.,0.934,0.964,1.898,0.645,7.1,0.0,4680.0,284.74,22.21,뒷좌석 통풍 단계 올림(1단계 증가),280.99,8.899,3.945,14.969,4686,387,45,0.001307
EC_0179-5431-04-04-PSJ-F-04-A.wav,조수석 쪽 문 열어,control,조수석 문 열게요. 주변 차량·자전거 확인 후 천천히 여세요.,1.444,1.331,2.775,1.25,4.6,0.0,4686.0,216.94,24.33,조수석 도어 열기(요청에 따라 실행),213.211,7.72,3.927,18.521,4686,381,51,0.001381
EC_0179-5432-04-04-PSJ-F-04-A.wav,뒷자리문 절대 안열리게 설정,control,뒷좌석 도어 차일드락을 켜서 안에서 문이 안 열리게 설정할게요.,1.946,1.72,3.666,1.247,4.2,0.0,4686.0,285.58,28.06,뒷좌석 도어 차일드락 설정(잠금(열림 방지)),281.57,9.906,4.327,21.139,4686,385,65,0.001584
EC_0179-5433-04-04-PSJ-F-04-A.wav,자율주행 요청해도 괜찮아,chat,"가능해요. 다만 도로·날씨·차량 조건 맞을 때만 켜고, 항상 전방 주시하세요.",1.005,1.097,2.102,0.815,4.9,0.0,4686.0,250.94,22.65,N/A,247.325,8.993,3.743,14.658,4686,384,41,0.001246
EC_0179-5434-04-04-PSJ-F-04-A.wav,자율주행 가능성 너무 체크할게.,control,자율주행 가능 여부 점검할게요. 센서·지도·차선 인식 상태 확인 중입니다.,0.743,1.415,2.159,0.799,5.2,0.0,4686.0,262.39,28.25,자율주행 가능 여부 점검(시스템 상태·센서·지도·차선 인식 확인),258.317,7.638,4.331,22.938,4686,384,65,0.001582
EC_0179-5435-04-04-PSJ-F-04-A.wav,열려있는 거 다 닫아주겠니?,control,열려있는 창문과 선루프 등 모두 닫을게요.,2.684,1.365,4.05,1.687,4.2,0.0,4686.0,234.04,23.36,close_all(열려있는 창문·선루프·차량 내 열림 상태 전체),230.235,7.521,4.108,18.498,4686,385,53,0.001416
EC_0179-5436-04-04-PSJ-F-04-A.wav,왼쪽 2차선으로 변경하죠.,control,왼쪽 2차선으로 차선 변경 진행할게요. 좌측 사각지대 확인하세요.,1.038,1.083,2.122,0.786,4.5,0.0,4686.0,262.51,26.22,차선 변경(왼쪽 2차선),258.575,9.647,4.064,17.862,4686,385,52,0.001402
EC_0179-5437-04-04-PSJ-F-04-A.wav,자율주행했던 날짜 알려줘,info,어떤 차량/앱(테슬라·현대·카카오내비 등) 기록인지 알려주면 날짜만 바로 요약해줄게요.,1.988,1.189,3.177,1.231,4.6,0.0,4685.0,251.2,26.19,Search(자율주행 사용 기록 날짜),247.132,8.943,4.323,19.571,4685,381,56,0.001451
EC_0179-5438-04-04-PSJ-F-04-A.wav,미세먼지 많으니까 전세 창문 옮겨.,control,미세먼지 차단 위해 창문 닫고 내기순환으로 전환할게요.,1.557,1.273,2.83,0.943,4.8,0.0,4685.9,290.43,27.23,차량 공조 내기순환 전환 및 창문 닫기(미세먼지 유입 최소화),286.485,9.408,4.271,21.764,4686,388,64,0.001575
EC_0179-5439-04-04-PSJ-F-04-A.wav,태풍이 오니까 비상작용실 시작해보죠.,control,태풍 대비로 비상등 켤게요. 속도 줄이고 차간거리 넉넉히 유지하세요.,1.008,1.491,2.499,0.706,5.1,0.0,4686.0,341.77,25.48,비상작업등 켜기(태풍 대비 시인성 확보),337.562,7.283,4.404,19.49,4686,388,59,0.001505
EC_0179-5440-04-04-PSJ-F-04-A.wav,다음에 쟤니야 보고 싶어하니까,chat,알겠어. 다음에 쟤니 볼 수 있게 일정 잡아둘까?,1.61,0.938,2.548,1.117,4.4,0.0,4686.1,222.07,16.38,N/A,218.964,8.492,3.492,10.501,4687,386,30,0.001096
EC_0179-5441-04-04-PSJ-F-04-A.wav,사선 위치 모두 사용 안할래.,control,차선유지 보조의 사선 위치 표시를 모두 껐어요.,0.762,1.579,2.341,0.796,4.8,0.0,4686.0,284.8,23.94,차선유지 보조 사선 표시 끄기(운전자 요청),281.054,9.959,4.004,16.966,4686,382,50,0.001368
EC_0179-5442-04-04-PSJ-F-04-A.wav,잠시 갓길에 멈춰봐,control,비상등 켜고 서서히 감속해 갓길에 안전히 정차할게요.,0.765,1.086,1.852,0.834,5.2,0.0,4686.7,216.88,24.46,갓길 정차(안전 확보 후 정차),213.403,7.765,3.67,17.615,4687,383,52,0.001398
EC_0179-5443-04-04-PSJ-F-04-A.wav,자율주행으로 달린 총 거리가 몇 킬로미터인지 알려줘.,control,자율주행 누적 주행거리를 차량 기록에서 조회해 알려드릴게요.,1.883,1.33,3.214,0.788,4.1,0.0,4685.0,392.31,27.93,자율주행 누적 주행거리 조회(총 누적 km 확인),388.205,11.012,4.296,18.875,4685,393,53,0.00143
EC_0179-5444-04-04-PSJ-F-04-A.wav,닫혀있는 창문을 모두 열자.,control,모든 창문을 열게요. 주행 중 바람 소음과 비 유입에 주의하세요.,0.933,1.164,2.097,0.699,5.3,0.0,4685.0,291.84,23.42,창문 열기(전체 창문 열기),288.228,8.546,3.938,18.154,4685,383,51,0.001384
EC_0179-5445-04-04-PSJ-F-04-A.wav,걸어 한 바퀴만 오면 되니까 밖으로 이동해줘,control,알겠어요. 근처 하차 가능한 안전지점으로 안내할게요.,3.139,1.528,4.667,1.496,4.0,0.0,4686.0,313.33,25.07,목적지 이동 안내(도보로 한 바퀴 후 복귀 요청),309.31,8.486,4.154,17.874,4686,389,51,0.001395
EC_0179-5446-04-04-PSJ-F-04-A.wav,사선 유지 모드 설정 제거 부탁해,control,사선 유지 모드 해제할게요. 해제 완료되면 표시등 꺼졌는지 확인해요.,1.021,1.288,2.31,0.856,4.6,0.0,4686.0,262.65,26.27,사선 유지 모드 해제(요청에 따라 비활성화),258.64,8.451,4.268,20.435,4686,382,59,0.001495
EC_0179-5447-04-04-PSJ-F-04-A.wav,자율주행이 가능한지 통통하고 귀엽게 해보세요,chat,"자율주행 가능 여부는 차량 모델·옵션에 따라 달라요, 차종 알려줘요.",0.995,0.929,1.924,0.535,5.4,0.0,4686.0,346.79,21.07,N/A,343.272,10.393,3.771,12.994,4686,390,35,0.001172
EC_0179-5448-04-04-PSJ-F-04-A.wav,손을 들어감과 시동석 창문을 울려,chat,말씀을 잘 못 들었어요. ‘창문을 올려줘/내려줘’처럼 다시 말해줘요.,1.031,0.989,2.02,0.701,5.0,0.0,4687.0,279.35,21.55,N/A,275.794,9.612,3.818,14.186,4687,386,39,0.001221
EC_0179-5449-04-04-PSJ-F-04-A.wav,일주일 평균 자율주행 시간 알림 조정,control,주간 평균 자율주행 시간 알림을 조정할게요. 빈도와 시간대요?,2.013,1.368,3.382,1.084,5.0,0.0,4686.0,302.29,30.61,주간 평균 자율주행 시간 알림 조정(원하는 알림 빈도/시간대를 말해 주세요),297.95,7.891,4.402,22.885,4686,386,65,0.001586
EC_0179-5450-04-04-PSJ-F-04-A.wav,사선이동 오른쪽으로 진행해요.,control,오른쪽으로 차선 변경 진행할게요. 방향지시등 켜고 안전 확인하세요.,1.119,1.11,2.229,0.844,4.8,0.0,4686.0,257.02,22.62,차선 변경(오른쪽 사선 이동),253.203,7.978,4.137,17.264,4686,384,49,0.001358
EC_0179-5451-04-04-PSJ-F-04-A.wav,저기 있는 앞차 뒷부분을 쫓아옵니다.,control,앞차와 거리 늘리고 속도 조금 줄일게요. 차선은 유지합니다.,0.78,1.441,2.221,0.841,5.2,0.0,4686.5,257.22,29.36,차간거리_확대 및 속도_감속(앞차 추종 중 안전거리 확보),252.886,9.213,4.338,20.151,4687,390,57,0.001481
EC_0179-5452-04-04-PSJ-F-04-A.wav,혼자 자율주행 속도 좀 재주겠니?,control,자율주행 속도 조절할게요. 목표 속도를 km/h로 말해줘요.,1.595,1.413,3.008,1.166,4.5,0.0,4686.0,251.59,28.97,자율주행 속도 조절(원하시는 목표 속도를 말씀해 주세요(예: 90km/h)),247.067,7.831,4.719,22.793,4686,387,65,0.001587
EC_0179-5453-04-04-PSJ-F-04-A.wav,예약판 빨리 돌려,control,예약판 회전 속도를 빠르게 올릴게요.,0.955,0.973,1.928,1.071,4.9,0.0,4686.5,177.37,18.59,예약판 회전 속도 증가(빠르게),173.835,7.004,3.796,14.569,4687,379,39,0.001209
EC_0179-5454-04-04-PSJ-F-04-A.wav,시트 내장 상품을 작동시켜봐.,control,시트 내장 기능을 기본 모드로 켰어요. 원하시는 강도도 말해줘요.,1.73,1.334,3.064,1.135,4.7,0.0,4687.0,262.19,26.65,시트 내장 기능 작동(기본 모드로 켬),258.317,9.406,4.07,19.192,4687,385,56,0.001458
EC_0179-5455-04-04-PSJ-F-04-A.wav,앞에 차 가는 길로 함께 주행하도록 하자.,control,앞차 따라가며 안전거리 유지해 함께 주행할게요.,1.922,1.286,3.208,0.972,4.3,0.0,4686.0,319.58,27.12,차간거리 유지 및 앞차 추종 주행(안전거리 확보 후 앞차 흐름에 맞춰 주행),315.362,8.354,4.407,21.378,4686,387,58,0.001489
EC_0179-5456-04-04-PSJ-F-04-A.wav,오른쪽 차선으로 이동하는 걸 도와줘.,control,우측 깜빡이 켜고 사이드미러·사각지대 확인 후 안전하면 부드럽게 이동하세요.,1.256,1.461,2.717,0.854,4.4,0.0,4686.0,307.46,25.46,차선 변경 보조(오른쪽 차선으로 이동),303.446,7.716,4.338,20.073,4686,386,59,0.001502
EC_0179-5457-04-04-PSJ-F-04-A.wav,너무 추워 실내 온도를 높여줘,control,실내 온도를 22도로 올릴게요. 더 따뜻하게 원하면 말해줘요.,1.01,1.22,2.23,0.845,5.0,0.0,4686.0,257.02,26.72,set_cabin_temperature(22C (추워서 온도 상승)),252.95,7.784,4.135,19.107,4686,384,54,0.001428
EC_0179-5458-04-04-PSJ-F-04-A.wav,전체작업 26도로 따뜻하게 만들어줘,control,전체 공조 온도 26도로 올려 따뜻하게 설정할게요.,0.963,1.227,2.19,0.664,5.4,0.0,4686.0,318.67,21.79,climate_temperature(26°C (전체/자동)),314.976,8.601,4.013,16.175,4686,384,45,0.001302
EC_0179-5459-04-04-PSJ-F-04-A.wav,조급차 통과하기에 차 빼줘.,control,우측 차로로 안전하게 이동해 긴급차량 통과 공간을 만들게요.,1.664,1.237,2.901,1.179,4.1,0.0,4686.0,239.8,24.73,차로 변경(우측으로 이동해 긴급차량 통과 공간 확보),235.796,7.427,4.196,19.255,4686,385,54,0.00143
EC_0179-5460-04-04-PSJ-F-04-A.wav,사암 냉방해졌네요.,chat,"그러게요, 갑자기 더워졌죠. 에어컨 온도 낮춰드릴까요?",2.913,0.97,3.882,1.659,3.9,0.0,4685.0,227.94,20.3,N/A,224.524,8.731,3.67,12.563,4685,382,34,0.001145
EC_0179-5461-04-04-PSJ-F-04-A.wav,일반 주행속도 70으로 저장,control,일반 주행속도를 70km/h로 저장할게요.,0.656,0.934,1.59,0.589,5.4,0.0,4685.0,262.31,23.27,일반 주행속도 저장(70km/h),258.499,8.947,3.937,15.49,4685,383,43,0.001272
EC_0179-5462-04-04-PSJ-F-04-A.wav,2차선만 통풍기 꺼주라,control,2열 우측 좌석 통풍시트 껐어요. 필요하면 다시 켤까요?,0.723,1.214,1.938,0.828,5.2,0.0,4685.0,228.71,23.37,통풍시트 끄기(2열 2차선(우측)),224.782,7.704,4.254,18.902,4685,384,56,0.001456
EC_0179-5463-04-04-PSJ-F-04-A.wav,엠블런스의 귀양고,chat,"‘엠블런스의 귀양고’가 무슨 뜻인지, 철자나 문장을 다시 말해줘.",1.889,1.047,2.936,1.529,4.5,0.0,4685.6,188.52,18.61,N/A,184.978,7.334,3.798,13.602,4686,382,38,0.001201
EC_0179-5464-04-04-PSJ-F-04-A.wav,3종 집어넣어,chat,"어떤 ‘3종’인지요? 예: 기어 3단, 3종 면허, 3종 세트 중 무엇인가요?",1.535,1.175,2.71,1.457,4.7,0.0,4686.0,183.23,18.93,N/A,179.589,7.048,4.024,15.831,4686,380,44,0.001281
EC_0179-5465-04-04-PSJ-F-04-A.wav,막다른 길이야. 갓길에서 길 찾고 가죠.,control,비상등 켜고 갓길에 안전 정차할게요. 멈춘 뒤 경로 다시 찾겠습니다.,2.319,1.582,3.902,1.182,4.5,0.0,4686.0,319.19,28.29,"비상등 켜고 갓길 정차(막다른 길, 안전 확보 후 경로 재탐색)",314.718,7.686,4.779,22.267,4686,390,69,0.001648
EC_0179-5466-04-04-PSJ-F-04-A.wav,폭풍에서 앞차 추월해,control,폭풍 땐 추월은 위험해요. 추월 대신 속도 줄이고 차간거리부터 늘릴게요.,0.707,1.635,2.342,1.055,5.0,0.0,4686.0,217.53,26.04,추월 거부 및 차간거리 확대(폭풍으로 시야·노면 위험 증가),213.274,7.36,4.575,21.955,4686,381,64,0.001563
EC_0179-5467-04-04-PSJ-F-04-A.wav,뒷자리 참문 잠근 상태 유지하세요,control,뒷좌석 창문 잠금 상태를 계속 유지할게요.,2.12,1.058,3.178,0.999,4.2,0.0,4686.0,307.33,20.62,뒷좌석 창문 잠금 유지(ON),303.64,8.021,3.947,14.918,4686,384,45,0.001302
EC_0179-5468-04-04-PSJ-F-04-A.wav,다석온도가 지금처럼 오뚝이에요.,chat,온도계가 들쭉날쭉하면 센서 접촉이나 배선 문제일 수 있어요.,0.993,0.946,1.939,0.808,4.6,0.0,4686.0,233.73,17.18,N/A,230.3,7.183,3.753,12.279,4686,385,37,0.001192
EC_0179-5469-04-04-PSJ-F-04-A.wav,가을 주행 모드 설정은 유일한 요정,control,가을 전용 모드는 차종별로 달라요; 우선 에코 모드로 전환할게요.,0.961,1.411,2.372,0.824,5.5,0.0,4685.7,279.87,29.88,주행 모드 변경(가을 모드(해당 시) 또는 에코 모드로 설정 요청),275.536,8.088,4.464,23.088,4686,386,66,0.0016
EC_0179-5470-04-04-PSJ-F-04-A.wav,최근 일주일 자율주행 킬로미터 수에 읽어줘.,info,차량/앱의 주행기록 접근이 없어 확인 불가해요; 계정 연동해 주세요.,0.892,1.366,2.259,0.684,5.1,0.0,4686.0,319.19,24.63,Search(최근 일주일 자율주행 킬로미터 수),315.104,8.007,4.283,18.535,4686,392,54,0.001442
EC_0179-5471-04-04-PSJ-F-04-A.wav,시동키면 모든 문 잠겨지도록 해주세요.,control,시동 걸면 모든 문 자동 잠금되도록 설정할게요.,1.108,1.375,2.483,0.753,4.8,0.0,4686.0,318.69,24.43,자동 도어 잠금 설정(시동 시 전체 도어 잠금 ON),314.865,10.165,4.212,17.205,4686,386,48,0.001347
EC_0179-5472-04-04-PSJ-F-04-A.wav,함께 되도록 고수석 창문 조금만 내려 놓으세요.,control,고수석 창문을 약 10%만 내려둘게요.,1.796,0.986,2.782,0.859,4.4,0.0,4686.0,313.17,22.17,고수석 창문 내리기(조금(약 10%)),309.329,8.213,4.158,17.234,4686,389,48,0.001353
EC_0179-5473-04-04-PSJ-F-04-A.wav,자유시간 가능 여부 말해줘,chat,지금 ‘자유시간’이 뭘 뜻하는지(일정/근무/주행) 한 가지만 알려줘요.,0.734,1.289,2.024,0.888,5.1,0.0,4685.0,222.78,19.86,N/A,218.899,7.573,4.142,14.604,4685,381,42,0.001255
EC_0179-5474-04-04-PSJ-F-04-A.wav,앞차 주행 경로 따라가.,control,앞차 따라가도록 추종 주행 켤게요. 차간거리만 확인해 주세요.,0.771,1.678,2.448,0.949,5.2,0.0,4682.9,251.64,29.92,차간거리 유지 및 앞차 추종(ACC/차로유지) 활성화(가능 시 앞차 속도·차로에 맞춰 자동 추종),247.325,8.688,4.706,25.135,4685,382,73,0.00169
EC_0179-5475-04-04-PSJ-F-04-A.wav,이장시에 자동으로 보험사에 연락해줘.,control,이상 시 보험사로 바로 자동 연결되게 설정할게요.,3.28,1.594,4.874,1.533,4.2,0.0,4682.0,307.66,22.39,보험사 자동 연락(사고/긴급 상황 시 즉시 연결),303.833,8.404,4.146,16.97,4682,385,47,0.001332
EC_0179-5476-04-04-PSJ-F-04-A.wav,10초만 있다가 사선 왼쪽으로 바꿔줘.,control,알겠습니다. 10초 후 사선 왼쪽으로 차선 변경할게요.,2.016,0.992,3.008,0.809,4.1,0.0,4682.0,358.04,23.58,차선 변경(10초 후 사선 왼쪽),354.219,8.609,4.015,16.585,4682,390,48,0.001354
EC_0179-5477-04-04-PSJ-F-04-A.wav,긴급 후송중인 자랑 무조건 양보해줘,control,"사이렌 들리면 깜빡이 켜고 서서히 감속, 우측으로 비켜 정차하세요.",1.896,1.79,3.687,1.138,4.6,0.0,4682.1,313.64,29.44,"긴급차량 양보 모드(주변 확인 후 서서히 감속, 우측 가장자리로 이동해 정차)",309.136,8.197,4.765,24.522,4683,387,73,0.001699
EC_0179-5478-04-04-PSJ-F-04-A.wav,전체자리동선 중간단계에 맞춰,chat,어떤 ‘전체 자리 동선’인지(행사/매장/사무실)와 중간단계 목표를 한 문장으로 말해줘요.,1.057,1.307,2.364,0.743,4.6,0.0,4681.0,307.45,24.3,N/A,303.511,8.338,4.136,16.966,4681,384,47,0.00133
EC_0179-5479-04-04-PSJ-F-04-A.wav,시끄러우니 비상장치 목욕 꺼줘,control,알겠어요. 비상등을 꺼서 소음을 줄일게요.,0.887,1.129,2.016,0.622,4.9,0.0,4681.0,313.08,24.27,비상등 끄기(소음 감소 요청),309.265,9.718,3.943,15.553,4681,387,45,0.001307
EC_0179-5480-04-04-PSJ-F-04-A.wav,자율주행 기록 그래프로 보여줘.,control,자율주행 기록 그래프 화면을 열어 표시할게요.,0.8,1.186,1.986,0.636,5.9,0.0,4681.0,301.83,24.93,자율주행 기록 그래프 표시(주행 로그 시각화 화면 열기),297.821,8.146,4.138,18.079,4681,383,50,0.00137
EC_0179-5481-04-04-PSJ-F-04-A.wav,차선 변경에서 응급차량 길터 조정,control,비상등 켜고 주변 확인 후 안전하면 우측으로 차선 변경해 길 터줄게요.,1.071,1.552,2.623,0.874,4.7,0.0,4682.0,290.95,29.08,차선 변경 및 속도 조정(응급차량 길터주기),286.743,10.172,4.334,19.91,4682,385,57,0.001472
EC_0179-5482-04-04-PSJ-F-04-A.wav,방향이 상하로 움직이게 해줘,control,방향 움직임을 상하(위·아래)로 설정했어요.,0.788,1.041,1.83,0.744,5.1,0.0,4681.0,239.29,17.65,tilt_direction(up_down),235.86,7.675,3.876,14.585,4681,384,40,0.001232
EC_0179-5483-04-04-PSJ-F-04-A.wav,지금 잘 진행되나요?,chat,"네, 정상적으로 진행 중이에요. 필요한 것만 짧게 말씀해 주세요.",0.989,0.883,1.872,0.918,5.3,0.0,4681.0,199.25,15.38,N/A,196.292,6.749,3.349,10.961,4681,380,30,0.001085
EC_0179-5484-04-04-PSJ-F-04-A.wav,SOS차량이 뒤에 있으니 길을 내어주죠.,control,"뒤 SOS 차량 확인, 우측 차로로 안전하게 이동해 길을 내줄게요.",0.911,1.445,2.356,0.689,4.2,0.0,4682.0,330.2,28.22,우측 차로로 이동(긴급차량 양보),326.118,10.387,4.08,17.787,4682,388,50,0.001379
EC_0179-5485-04-04-PSJ-F-04-A.wav,사람들 앉아있는 의자 따뜻하게 해줘.,control,전 좌석 시트 히터를 2단으로 켰어요.,2.3,1.058,3.358,1.142,3.8,0.0,4682.0,284.62,22.09,시트 히터 켜기(전 좌석 2단),281.054,9.504,3.951,15.865,4682,388,48,0.001351
EC_0179-5486-04-04-PSJ-F-04-A.wav,자율주행 모드는 이제 꺼주자,control,자율주행 모드 끄고 수동운전으로 전환할게요.,0.649,0.94,1.589,0.646,6.1,0.0,4681.0,239.16,24.36,자율주행 모드 해제(운전자 요청),235.796,7.573,3.489,16.958,4681,384,48,0.001344
EC_0179-5487-04-04-PSJ-F-04-A.wav,지금 자율주행 속도 몇 킬로미터요?,control,지금 자율주행 속도는 차량 계기판의 ‘설정 속도’ 표시에서 확인돼요.,0.866,1.398,2.264,0.662,4.8,0.0,4680.0,330.65,27.88,자율주행 속도 조회(현재 설정/주행 속도 확인),326.505,8.6,4.399,20.575,4680,389,58,0.001493
EC_0179-5488-04-04-PSJ-F-04-A.wav,26도 에어컨 온도를 유지해줘,control,에어컨 온도를 26도로 설정하고 그대로 유지할게요.,1.15,0.966,2.116,0.691,4.8,0.0,4681.0,296.63,20.78,에어컨 온도 유지(26도),293.013,8.081,3.811,14.946,4681,383,41,0.001244
EC_0179-5489-04-04-PSJ-F-04-A.wav,오른쪽으로 차로 1개 바꿔,control,오른쪽 한 차로 변경할게요. 우측 사각지대 확인 후 진행합니다.,1.02,1.049,2.069,0.75,5.2,0.0,4681.0,267.9,19.65,차로 변경(오른쪽 1차로),264.222,7.06,4.129,17.57,4681,386,49,0.001361
EC_0179-5490-04-04-PSJ-F-04-A.wav,다른 profesional 방식도 꼭 유지해,chat,알겠습니다. 앞으로도 전문적 톤을 유지하며 50~80자로 핵심만 답할게요.,2.477,0.962,3.439,1.303,4.0,0.0,4681.0,255.93,17.23,N/A,252.757,7.272,3.621,12.942,4681,381,36,0.001171
EC_0179-5491-04-04-PSJ-F-04-A.wav,이상 정수 모드를 캠으로 설정,control,이상 정수 모드를 캠으로 설정할게요.,1.74,1.087,2.827,1.002,4.4,0.0,4680.0,273.47,18.99,이상 정수 모드 변경(캠),269.976,8.389,3.812,13.888,4680,382,39,0.001215
EC_0179-5492-04-04-PSJ-F-04-A.wav,지금 저기 앞에 있는 차 따라서 주행 부탁해,control,앞차를 따라가며 안전거리 유지로 속도 맞춰 주행할게요.,1.126,1.239,2.365,0.717,4.7,0.0,4681.0,319.0,25.67,앞차 추종 주행(안전거리 유지하며 속도 자동 조절),315.104,8.107,4.023,18.852,4681,386,53,0.001417
EC_0179-5493-04-04-PSJ-F-04-A.wav,가서 본도 올려라,control,안전상 제가 속도를 올리진 못해요; 크루즈 켜고 목표속도 말해줘요.,0.71,1.532,2.241,1.038,5.7,0.0,4681.0,211.92,28.81,"속도 조절(안전상 자동 가속 불가, 크루즈 설정 필요)",207.563,8.115,4.481,21.697,4681,380,62,0.001533
EC_0179-5494-04-04-PSJ-F-04-A.wav,구급차 오는 소리 나니까 길가로 붙자,control,비상등 켜고 우측 가장자리로 붙어 안전히 정차할게요.,1.3,1.18,2.481,0.795,4.0,0.0,4682.0,301.45,23.97,우측 가장자리로 안전하게 이동 후 정차(구급차 통행 확보),297.95,8.966,3.822,18.951,4682,386,55,0.001445
EC_0179-5495-04-04-PSJ-F-04-A.wav,업무 도착하면 차 문 열어줘,control,업무지 도착하면 자동으로 도어 잠금 해제되게 설정할게요.,1.033,1.606,2.64,1.023,4.9,0.0,4682.0,251.33,28.54,도착 시 도어 잠금 해제 예약(업무지 도착 감지 시 자동으로 문 열림),247.003,7.979,4.454,21.557,4682,383,61,0.001524
EC_0179-5496-04-04-PSJ-F-04-A.wav,이상 방지 시 스스로 보험사에 전화 걸어줘.,control,이상 감지되면 보험사로 자동 전화 연결하도록 설정할게요.,1.037,1.092,2.128,0.601,5.8,0.0,4682.0,341.52,23.88,보험사 전화 연결(이상 방지 시 자동 발신 요청),337.497,7.949,4.152,17.219,4682,388,48,0.001351
EC_0179-5497-04-04-PSJ-F-04-A.wav,자유지행 모드를 OFF로,control,자유지행 모드를 껐습니다. 필요하면 다시 켜드릴게요.,1.874,0.974,2.849,1.187,4.5,0.0,4682.0,233.65,20.06,자유지행 모드(OFF),230.235,8.43,3.802,15.575,4682,381,45,0.001297
EC_0179-5498-04-04-PSJ-F-04-A.wav,경찰차가 먼저 앞으로 지나가게,control,우측으로 천천히 붙고 속도 줄여 경찰차가 먼저 지나가게 할게요.,1.23,1.376,2.606,0.965,5.5,0.0,4682.0,277.21,27.1,양보 운전(경찰차 우선 통과),272.535,9.261,4.734,18.488,4682,382,51,0.001383
EC_0179-5500-04-04-PSJ-F-04-A.wav,이제 갓길에서 잠시 휴식해보죠.,control,좋아요. 비상등 켜고 갓길에 완전히 붙여 정차한 뒤 P·주차브레이크 하세요.,2.252,1.761,4.013,1.365,4.6,0.0,4682.0,285.58,29.2,비상등 켜기 및 안전정차 안내(갓길 정차 시 후방 경고와 2차 사고 예방),281.054,7.987,4.911,24.865,4682,387,75,0.001727
