File,STT_Source,LLM_Source,STT_Text,Intent,Response,STT_Latency,LLM_Latency,E2E_Latency,RTF,CPU_utilization_avg,GPU_compute_utilization,RAM_Used_Avg_MB,Net_Sent_KB,Net_Recv_KB,Selected_Path,Action_Command,STT_Net_Sent_KB,STT_Net_Recv_KB,LLM_Net_Sent_KB,LLM_Net_Recv_KB,RAM_Used_Peak_MB
EC_0179-5235-04-04-PSJ-F-04-A.wav,Cloud (Late),Cloud (Quality),지금 참은 전체 다 닫아줘.,control,모든 창문을 닫습니다.,2.876,0.651,3.568,1.293,28.8,49.5,10982.2,266.43,10.76,STT[Cloud (Late)] -> LLM[Cloud (Quality)],창문 닫기(모두 닫기),263.901,10.656,2.596,1.652,11238
EC_0179-5236-04-04-PSJ-F-04-A.wav,Cloud,Cloud (Quality),자율주행할 때 시속 몇 킬로미터로 달리는 거야?,chat,일반적으로 60~100km/h로 주행해요.,0.846,0.787,1.664,0.42,17.5,98.5,11679.0,378.49,5.93,STT[Cloud] -> LLM[Cloud (Quality)],N/A,375.935,5.778,2.624,1.628,11831
EC_0179-5237-04-04-PSJ-F-04-A.wav,Cloud,Cloud (Quality),차를 갓길에 세우도록 해줘.,control,안전한 갓길에 정차합니다.,0.748,1.258,2.04,0.81,13.6,99.0,11931.5,242.95,7.07,STT[Cloud] -> LLM[Cloud (Quality)],차량 정차(갓길),240.419,6.913,2.598,1.647,11932
EC_0179-5238-04-04-PSJ-F-04-A.wav,Cloud (Late),Cloud (Quality),여기서 뭐하는거 같은데 시통석 창문좀 내려봐,control,시통석 창문을 내립니다.,2.553,1.018,3.603,0.823,9.9,94.0,11964.5,417.85,9.08,STT[Cloud (Late)] -> LLM[Cloud (Quality)],창문 내리기(시통석),415.288,8.927,2.622,1.645,11974
EC_0179-5239-04-04-PSJ-F-04-A.wav,Cloud,Cloud (Quality),주행속도 스쿨존에 맞춰줘,control,스쿨존 속도로 조정합니다.,0.895,0.934,1.876,0.665,20.5,95.5,11974.0,274.98,14.6,STT[Cloud] -> LLM[Cloud (Quality)],set_speed(스쿨존 제한 속도),272.451,14.499,2.596,1.653,11974
EC_0179-5329-04-04-PSJ-F-04-A.wav,Cloud,Cloud (Quality),경찰차 급제보여 비켜주자,control,경찰차에 양보합니다. 안전 운전하세요.,1.613,1.0,2.649,1.027,9.5,65.7,11995.7,248.63,5.8,STT[Cloud] -> LLM[Cloud (Quality)],차선 변경(경찰차 양보),245.937,5.541,2.754,1.774,12000
EC_0179-5330-04-04-PSJ-F-04-A.wav,Cloud,Cloud (Quality),앞길을 향해 차 운행이중,chat,안전 운전하세요!,0.74,0.82,1.593,0.618,19.5,49.5,11999.0,248.53,5.74,STT[Cloud] -> LLM[Cloud (Quality)],N/A,246.001,5.64,2.594,1.609,11999
EC_0179-5331-04-04-PSJ-F-04-A.wav,Cloud,Cloud (Quality),사선이동 왼쪽으로,control,왼쪽 차선으로 이동합니다.,1.159,1.184,2.381,0.863,16.6,63.3,11999.0,272.62,5.63,STT[Cloud] -> LLM[Cloud (Quality)],lane_change(left),270.062,5.385,2.627,1.747,11999
EC_0179-5332-04-04-PSJ-F-04-A.wav,Cloud,Cloud (Quality),자동으로 내 보험의사에 알려줘,control,보험사에 자동 알림을 설정합니다.,1.039,0.909,1.981,0.66,16.7,97.0,11999.0,288.21,5.04,STT[Cloud] -> LLM[Cloud (Quality)],notify_insurance(자동 알림 요청),285.677,4.889,2.603,1.679,11999
EC_0179-5333-04-04-PSJ-F-04-A.wav,Cloud,Cloud (Quality),도로 제한속도 넘지 말고 운전해,control,안전 운전하세요. 제한속도를 지킵니다.,1.642,1.034,2.711,0.904,15.2,66.0,12000.7,288.15,6.46,STT[Cloud] -> LLM[Cloud (Quality)],속도 유지(제한속도 준수),285.612,6.31,2.604,1.678,12001
EC_0179-5334-04-04-PSJ-F-04-A.wav,Cloud,Cloud (Quality),뒤의 경찰차가 바이키를 열어주자.,control,경찰차에 길을 양보합니다.,1.49,0.847,2.37,0.859,10.0,65.3,12002.3,265.63,6.52,STT[Cloud] -> LLM[Cloud (Quality)],차선 변경(경찰차 양보),263.091,6.366,2.606,1.656,12003
EC_0179-5335-04-04-PSJ-F-04-A.wav,Cloud,Cloud (Quality),앞차 빨리 추월해버려,control,안전한 거리에서 추월하세요.,1.117,0.907,2.073,0.886,15.9,95.0,12004.0,223.52,5.85,STT[Cloud] -> LLM[Cloud (Quality)],추월(안전한 거리 확보 후),223.522,5.849,2.59,1.709,12004
EC_0179-5336-04-04-PSJ-F-04-A.wav,Cloud,Cloud (Quality),앞차정도는 따라갈 수 있지?,control,안전한 거리 유지하며 따라갑니다.,0.984,0.813,1.812,0.736,9.7,95.0,12004.0,237.39,6.3,STT[Cloud] -> LLM[Cloud (Quality)],차간 거리 유지(안전 거리 확보),234.858,6.099,2.598,1.717,12004
EC_0179-5337-04-04-PSJ-F-04-A.wav,Cloud,Cloud (Quality),옆에 갓길에 차 좀 붙여봐봐.,control,안전하게 갓길에 정차합니다.,1.505,0.812,2.348,0.91,15.3,65.3,12023.0,248.73,6.0,STT[Cloud] -> LLM[Cloud (Quality)],pull_over(갓길),246.194,5.896,2.599,1.652,12023
EC_0179-5338-04-04-PSJ-F-04-A.wav,Cloud,Cloud (Quality),앞차 답답하니까 차선 변경해줍니다.,control,차선 변경합니다. 안전 운전하세요.,0.956,1.122,2.117,0.598,16.7,99.0,12023.0,338.98,7.7,STT[Cloud] -> LLM[Cloud (Quality)],차선 변경(앞차 느림),336.431,7.599,2.609,1.665,12023
EC_0179-5339-04-04-PSJ-F-04-A.wav,OnDevice (Timeout),Cloud (Quality),앞차보다 빨리 가야겠으니 수월해줘,control,안전이 최우선입니다. 속도를 조절하세요.,1.992,1.307,3.354,1.141,12.4,73.5,12026.0,283.86,7.85,STT[OnDevice (Timeout)] -> LLM[Cloud (Quality)],속도 조절(안전 속도 유지),279.987,3.25,3.935,6.605,12027
EC_0179-5340-04-04-PSJ-F-04-A.wav,Cloud,Cloud (Quality),지금 내 창문 다 닫아줬어,control,모든 창문을 닫았습니다.,1.773,1.113,2.923,1.249,12.9,62.3,12028.3,225.99,4.22,STT[Cloud] -> LLM[Cloud (Quality)],close_windows(all),223.458,4.065,2.595,1.648,12029
EC_0179-5341-04-04-PSJ-F-04-A.wav,Cloud,Cloud (Quality),조준화면을 제일 천천히 열리게 설정해줘,control,조준화면을 가장 천천히 열리도록 설정했습니다.,1.51,1.066,2.607,0.805,9.1,65.7,12029.0,311.01,6.73,STT[Cloud] -> LLM[Cloud (Quality)],조준화면 속도 설정(최저 속도),308.392,6.475,2.68,1.716,12029
EC_0179-5342-04-04-PSJ-F-04-A.wav,Cloud,Cloud (Quality),자율주행한 최대 거리가 몇 킬로미터인지 체크해줘,control,최대 자율주행 거리를 확인합니다.,0.758,1.422,2.211,0.567,14.3,66.0,12030.3,373.17,8.16,STT[Cloud] -> LLM[Cloud (Quality)],check_max_autonomous_distance(최대 자율주행 거리),370.61,8.062,2.628,1.675,12031
EC_0179-5343-04-04-PSJ-F-04-A.wav,Cloud,Cloud (Quality),소방차 오니까 길가로 붙여줘,control,소방차를 위해 길가로 이동합니다.,1.165,0.79,1.986,0.704,15.1,97.5,12031.0,268.52,4.01,STT[Cloud] -> LLM[Cloud (Quality)],차량 이동(길가로 이동),268.587,4.992,2.6,1.661,12031
EC_0179-5344-04-04-PSJ-F-04-A.wav,Cloud,Cloud (Quality),자율주행 가능형 누가 궁금해?,chat,"자율주행 기술, 흥미롭죠!",0.672,0.696,1.42,0.563,21.0,49.5,12031.0,243.08,4.63,STT[Cloud] -> LLM[Cloud (Quality)],N/A,240.548,4.527,2.601,1.631,12031
EC_0179-5345-04-04-PSJ-F-04-A.wav,OnDevice (Late),Cloud (Quality),SOS 차량 옹이 속도 내지 말고 기다려줘.,control,속도를 유지하며 대기합니다.,2.04,0.958,3.026,0.801,9.3,66.0,12031.3,363.06,10.85,STT[OnDevice (Late)] -> LLM[Cloud (Quality)],속도 유지(대기 요청),359.103,6.195,4.021,6.699,12032
EC_0179-5346-04-04-PSJ-F-04-A.wav,Cloud,Cloud (Quality),길이 위험하니까 비상정지 기능을 실행시켜줘,control,비상정지 기능을 실행합니다. 안전하게 멈춥니다.,1.165,1.199,2.398,0.655,19.2,62.0,12031.0,350.45,6.84,STT[Cloud] -> LLM[Cloud (Quality)],비상정지(위험 감지),347.896,6.685,2.621,1.728,12031
EC_0179-5347-04-04-PSJ-F-04-A.wav,Cloud,Cloud (Quality),자석 온도 좀 낮춰라,control,자석 온도를 낮췄습니다.,0.707,0.747,1.485,0.562,19.2,49.5,12039.0,254.41,6.39,STT[Cloud] -> LLM[Cloud (Quality)],온도 조절(낮춤),251.884,6.293,2.652,1.648,12046
EC_0179-5348-04-04-PSJ-F-04-A.wav,Cloud,Cloud (Quality),자료지목 모두 꺼볼래?,control,자료지목을 모두 껐습니다.,1.596,0.922,2.555,1.151,15.0,61.0,12045.0,214.8,4.73,STT[Cloud] -> LLM[Cloud (Quality)],turn_off(자료지목),212.272,4.576,2.591,1.644,12045
EC_0179-5349-04-04-PSJ-F-04-A.wav,Cloud,Cloud (Quality),주행 기록계의 쌓인 누적 데이터 볼 수 있을까?,control,주행 기록계 데이터를 표시합니다.,1.031,0.814,1.879,0.531,16.4,95.0,12046.0,339.12,5.67,STT[Cloud] -> LLM[Cloud (Quality)],display(주행 기록계 데이터),336.56,5.573,2.622,1.584,12046
EC_0179-5350-04-04-PSJ-F-04-A.wav,Cloud,Cloud (Quality),자율주행 모드가 필요한 시점이에요,control,자율주행 모드를 활성화합니다. 안전 운전하세요.,0.732,0.935,1.705,0.632,21.4,96.0,12046.0,259.99,5.71,STT[Cloud] -> LLM[Cloud (Quality)],자율주행 모드(활성화),257.444,5.553,2.608,1.673,12046
EC_0179-5351-04-04-PSJ-F-04-A.wav,Cloud,Cloud (Quality),지금 차 엔진 소리가 이상해. 보험사랑 지금 연락할래.,control,보험사에 지금 연락할게요.,1.173,0.839,2.047,0.455,15.4,97.0,12047.0,426.88,5.03,STT[Cloud] -> LLM[Cloud (Quality)],연락(보험사),426.946,6.029,2.632,1.639,12047
EC_0179-5352-04-04-PSJ-F-04-A.wav,Cloud,Cloud (Quality),다음 신호등까지 자율주행해줘,control,다음 신호등까지 자율주행을 시작합니다.,0.764,0.846,1.651,0.55,22.4,70.0,12047.5,288.28,6.92,STT[Cloud] -> LLM[Cloud (Quality)],자율주행(다음 신호등까지),285.741,6.765,2.602,1.668,12048
EC_0179-5353-04-04-PSJ-F-04-A.wav,Cloud,Cloud (Quality),뒤에 구급차가 오고 있어 옆으로 비켜줘,control,구급차에 길을 양보합니다. 안전 운전하세요.,1.208,0.931,2.171,0.71,15.4,65.0,12047.0,293.79,7.27,STT[Cloud] -> LLM[Cloud (Quality)],차선 변경(구급차 양보),291.237,6.268,2.613,1.761,12047
EC_0179-5354-04-04-PSJ-F-04-A.wav,Cloud,Cloud (Quality),1차로로 차선 바꿔서 주행이라.,control,1차로로 차선 변경합니다.,0.879,0.717,1.627,0.399,18.9,71.0,12048.0,390.11,6.25,STT[Cloud] -> LLM[Cloud (Quality)],차선 변경(1차로),387.571,6.1,2.602,1.641,12048
EC_0179-5355-04-04-PSJ-F-04-A.wav,Cloud,Cloud (Quality),자율주행으로 달린 거리 선출해주겠니?,control,자율주행으로 달린 거리를 확인합니다.,1.254,1.166,2.453,0.705,16.3,64.7,12048.0,333.35,6.06,STT[Cloud] -> LLM[Cloud (Quality)],자율주행 거리 확인(현재 주행 거리),330.806,5.861,2.612,1.802,12048
EC_0179-5356-04-04-PSJ-F-04-A.wav,Cloud,Cloud (Quality),앞창은 따라가면 목적지가 나올거야.,control,앞차를 따라갑니다. 안전 운전하세요.,1.941,0.926,2.9,0.967,15.1,65.7,12048.0,288.35,4.54,STT[Cloud] -> LLM[Cloud (Quality)],follow(앞차),285.806,4.386,2.609,1.662,12048
EC_0179-5357-04-04-PSJ-F-04-A.wav,Cloud,Cloud (Quality),자율주행한 기록 가져와줘,control,자율주행 기록을 가져옵니다.,0.675,1.016,1.723,0.718,20.9,49.5,12047.5,231.7,4.47,STT[Cloud] -> LLM[Cloud (Quality)],retrieve(autonomous driving records),229.169,4.371,2.596,1.668,12048
EC_0179-5358-04-04-PSJ-F-04-A.wav,Cloud,Cloud (Quality),조수석 창문 열어가기,control,조수석 창문을 엽니다.,0.709,0.641,1.383,0.623,19.9,63.5,12048.0,214.73,5.79,STT[Cloud] -> LLM[Cloud (Quality)],open_window(passenger_side),212.208,5.686,2.59,1.648,12048
EC_0179-5359-04-04-PSJ-F-04-A.wav,Cloud,Cloud (Quality),현재 자유주행 몇 킬로미터로 달리는 중이야?,control,현재 속도는 80km/h입니다.,0.81,0.851,1.696,0.514,19.9,96.0,12047.0,316.53,5.0,STT[Cloud] -> LLM[Cloud (Quality)],query_speed(현재 속도 확인),313.974,4.853,2.62,1.653,12047
EC_0179-5360-04-04-PSJ-F-04-A.wav,Cloud,Cloud (Quality),문은 다 닫아줘요,control,모든 문을 닫았습니다.,0.847,1.33,2.21,0.877,20.6,66.0,12048.0,243.0,4.31,STT[Cloud] -> LLM[Cloud (Quality)],close_doors(모든 문),240.483,4.154,2.584,1.646,12048
EC_0179-5361-04-04-PSJ-F-04-A.wav,Cloud,Cloud (Quality),너무 더워 자석 시원하게,control,에어컨을 시원하게 설정합니다.,0.942,0.671,1.646,0.653,17.4,49.5,12048.0,243.08,5.03,STT[Cloud] -> LLM[Cloud (Quality)],에어컨 설정(시원하게),240.548,4.826,2.594,1.699,12048
EC_0179-5362-04-04-PSJ-F-04-A.wav,Cloud,Cloud (Quality),차선 변경은 이쪽으로 할래요,control,차선 변경을 시작합니다. 안전에 유의하세요.,0.742,1.633,2.408,1.003,20.6,64.7,12048.0,231.7,5.09,STT[Cloud] -> LLM[Cloud (Quality)],차선 변경(사용자 요청),229.169,4.935,2.6,1.768,12048
EC_0179-5363-04-04-PSJ-F-04-A.wav,Cloud,Cloud (Quality),자동으로 보험의사랑 콘택트해줘,control,보험회사에 연락을 시도합니다.,0.696,1.108,1.84,0.697,20.5,95.5,12047.0,254.36,5.6,STT[Cloud] -> LLM[Cloud (Quality)],contact(보험회사),251.819,5.449,2.604,1.684,12047
EC_0179-5364-04-04-PSJ-F-04-A.wav,Cloud,Cloud (Quality),보급차 보내고 자율주행 시행,control,자율주행을 시작합니다. 안전 운전하세요.,1.325,1.369,2.726,0.857,17.0,66.0,12048.0,305.04,5.14,STT[Cloud] -> LLM[Cloud (Quality)],자율주행 시작(보급차 후),302.509,4.989,2.6,1.679,12048
EC_0179-5365-04-04-PSJ-F-04-A.wav,Cloud,Cloud (Quality),에어컨 바람 차 내부에서만 틀어줘.,control,에어컨을 내부 순환 모드로 설정했습니다.,0.831,0.882,1.747,0.62,19.2,95.5,12047.0,271.3,4.48,STT[Cloud] -> LLM[Cloud (Quality)],내부순환모드(에어컨),268.757,4.379,2.607,1.75,12047
EC_0179-5366-04-04-PSJ-F-04-A.wav,Cloud,Cloud (Quality),주행 중에는 조수석 창 닫아줘.,control,조수석 창문을 닫습니다.,0.846,0.79,1.673,0.581,10.1,96.0,12048.0,277.01,6.31,STT[Cloud] -> LLM[Cloud (Quality)],close_window(passenger_side),274.47,6.155,2.602,1.701,12048
EC_0179-5367-04-04-PSJ-F-04-A.wav,Cloud,Cloud (Quality),자율주행 기록에 뭐 있는지 확인하래.,control,자율주행 기록을 확인합니다.,0.911,1.217,2.163,0.591,19.4,99.0,12048.0,350.31,5.15,STT[Cloud] -> LLM[Cloud (Quality)],check_autonomous_record(자율주행 기록 확인),347.767,5.049,2.61,1.663,12048
EC_0179-5368-04-04-PSJ-F-04-A.wav,Cloud,Cloud (Quality),배열 주행 가능한지 체크하자,control,배열 주행 가능 여부를 점검합니다.,1.702,1.354,3.105,1.262,10.2,65.7,12048.0,237.39,4.99,STT[Cloud] -> LLM[Cloud (Quality)],배열 주행 체크(안전 점검),234.858,4.885,2.6,1.669,12048
EC_0179-5369-04-04-PSJ-F-04-A.wav,Cloud,Cloud (Quality),얼마동안 자율주행으로 달린건지 알려줘,control,자율주행 시간은 30분입니다.,1.963,1.167,3.163,0.995,15.1,98.3,12048.0,305.12,4.55,STT[Cloud] -> LLM[Cloud (Quality)],check_autonomous_duration(자율주행 시간 확인),302.573,4.444,2.614,1.667,12048
EC_0179-5370-04-04-PSJ-F-04-A.wav,Cloud,Cloud (Quality),시트 따뜻하게 해줄래?,control,시트를 따뜻하게 설정합니다.,1.641,1.415,3.088,1.391,14.4,64.7,12048.0,214.93,4.93,STT[Cloud] -> LLM[Cloud (Quality)],시트 히터 설정(따뜻하게),212.401,4.367,2.591,2.069,12048
EC_0179-5371-04-04-PSJ-F-04-A.wav,Cloud,Cloud (Quality),뒷자리 참음 미리 열어놔.,control,뒷자리 창문을 열었습니다.,1.005,1.078,2.114,0.839,17.3,99.0,12048.0,242.95,4.82,STT[Cloud] -> LLM[Cloud (Quality)],창문 열기(뒷자리),240.419,4.672,2.595,1.646,12048
EC_0179-5372-04-04-PSJ-F-04-A.wav,Cloud,Cloud (Quality),앞에 있는 차보다 먼저 다닐게.,control,안전하게 추월하세요.,1.635,1.085,2.771,1.05,15.9,66.0,12047.0,254.36,6.15,STT[Cloud] -> LLM[Cloud (Quality)],차선 변경(앞차 추월),251.819,6.002,2.602,1.648,12047
EC_0179-5373-04-04-PSJ-F-04-A.wav,Cloud,Cloud (Quality),현대보험 운주주인에게 전화가 오신다.,chat,전화가 왔네요. 안전 운전하세요!,1.837,1.534,3.404,1.158,12.8,74.2,12048.0,282.66,5.2,STT[Cloud] -> LLM[Cloud (Quality)],N/A,280.116,5.048,2.612,1.558,12048
EC_0179-5374-04-04-PSJ-F-04-A.wav,Cloud,Cloud (Quality),각길로 가게 쳐서만 변경해주는,control,각길로 경로를 변경합니다.,0.716,0.938,1.686,0.654,19.2,96.0,12048.0,248.6,4.84,STT[Cloud] -> LLM[Cloud (Quality)],경로 변경(각길),246.065,4.689,2.603,1.638,12048
EC_0179-5375-04-04-PSJ-F-04-A.wav,Cloud,Cloud (Quality),조수석도 문 잠겨있어?,control,조수석 문 잠금 상태를 확인합니다.,1.404,1.23,2.67,1.012,15.2,61.7,12047.7,254.28,3.66,STT[Cloud] -> LLM[Cloud (Quality)],check_lock(조수석),251.755,3.504,2.591,1.661,12048
EC_0179-5376-04-04-PSJ-F-04-A.wav,Cloud,Cloud (Quality),타이어에 문제 생기면 보험사에 다이렉트로 연락해줘.,control,보험사에 연락 중입니다.,1.334,1.522,2.906,0.723,16.4,98.0,12048.0,384.59,9.03,STT[Cloud] -> LLM[Cloud (Quality)],contact_insurance(타이어 문제),382.021,8.874,2.632,1.662,12048
EC_0179-5377-04-04-PSJ-F-04-A.wav,OnDevice (Late),OnDevice (Late),자율주행모서에서는 가장 여유있는 차선을 찾아서 변경하도록 해.,control,여유로운 차선으로 변경 중입니다.,2.264,4.572,6.867,1.396,10.1,83.0,12050.0,0.12,0.12,STT[OnDevice (Late)] -> LLM[OnDevice (Late)],lane_change(자율주행 모드),0.0,0.0,0.117,0.117,12050
EC_0179-5378-04-04-PSJ-F-04-A.wav,OnDevice (Timeout),OnDevice (Late),피터 바람이 얼굴에 안게 해줘,chat,알겠습니다. 안전운전에는 집중해야 해요.,1.883,2.797,4.832,1.579,10.0,78.4,12053.0,0.23,0.6,STT[OnDevice (Timeout)] -> LLM[OnDevice (Late)],N/A,0.117,0.117,0.117,0.479,12053
EC_0179-5379-04-04-PSJ-F-04-A.wav,OnDevice (Late),OnDevice (Late),넘방 바람쐬기를 한단계 줄여줘,control,바람 세기 조절 완료.,2.017,4.37,6.419,2.098,8.2,82.7,12052.0,0.82,0.82,STT[OnDevice (Late)] -> LLM[OnDevice (Late)],adjust_climate(wind_speed: 1),0.352,0.352,0.469,0.469,12052
EC_0179-5380-04-04-PSJ-F-04-A.wav,OnDevice (Timeout),OnDevice (Late),오늘 자율주행 모두 켰어?,chat,알겠습니다. 자율주행 모드가 활성화되었습니다. 안전 운행하세요!,1.851,3.472,5.508,2.086,8.5,81.2,12053.0,0.94,0.94,STT[OnDevice (Timeout)] -> LLM[OnDevice (Late)],N/A,0.117,0.117,0.82,0.82,12053
EC_0179-5381-04-04-PSJ-F-04-A.wav,OnDevice (Late),OnDevice (Late),자유지행 모드도 몇 km로 맞춰져 있어?,info,최대 120km/h로 설정되어 있습니다.,2.005,4.177,6.212,2.113,11.1,84.8,12053.0,1.17,1.17,STT[OnDevice (Late)] -> LLM[OnDevice (Late)],Search(자유지행 모드),0.352,0.352,0.938,0.938,12053
EC_0179-5382-04-04-PSJ-F-04-A.wav,OnDevice (Late),OnDevice (Late),사고가 났나봐 앰뷸런스 먼저 보내줘야겠어,info,앰뷸런스 도착 예정입니다. 안전을 위해 주의 운전하세요.,2.187,4.186,6.378,1.635,6.1,83.6,12055.0,1.52,1.52,STT[OnDevice (Late)] -> LLM[OnDevice (Late)],Search(앰뷸런스),0.469,0.469,1.055,1.055,12055
EC_0179-5383-04-04-PSJ-F-04-A.wav,OnDevice (Timeout),OnDevice (Late),과속단속 카메라 주행속도에 맞춰줘.,control,주행속도 제한 설정 완료. 안전 운전하세요.,1.986,5.329,7.364,2.316,6.5,84.4,12054.1,1.41,1.77,STT[OnDevice (Timeout)] -> LLM[OnDevice (Late)],set_speed_limit(과속단속 카메라 주행속도),0.469,0.83,0.938,0.938,12055
EC_0179-5384-04-04-PSJ-F-04-A.wav,OnDevice (Timeout),OnDevice (Late),앞차보다 빨리 가고 싶어 추월해,control,안전하게 추월하세요.,1.893,4.369,6.404,2.135,7.9,83.4,12054.0,1.17,1.93,STT[OnDevice (Timeout)] -> LLM[OnDevice (Late)],추월(현재 속도 및 주변 상황 확인 필요),0.352,0.352,0.82,1.582,12054
EC_0179-5385-04-04-PSJ-F-04-A.wav,OnDevice (Timeout),OnDevice (Late),왼쪽 차선에서 몰아,control,왼쪽 차선으로 변경합니다. 안전운전하세요.,1.84,4.353,6.387,2.661,7.6,82.7,12056.0,1.17,1.96,STT[OnDevice (Timeout)] -> LLM[OnDevice (Late)],lane_change(left),0.352,1.137,0.82,0.82,12056
EC_0179-5386-04-04-PSJ-F-04-A.wav,OnDevice (Timeout),OnDevice (Late),속도 좀 높여 앞차 추월해,control,"앞차 추월, 속도 높였습니다.",1.865,4.348,6.381,2.312,7.5,83.6,12056.0,1.17,2.09,STT[OnDevice (Timeout)] -> LLM[OnDevice (Late)],increase_speed(5km/h),0.352,0.352,0.82,1.736,12056
EC_0179-5387-04-04-PSJ-F-04-A.wav,OnDevice (Timeout),OnDevice (Late),최고속도가 80km 넘지 않게 해.,control,최고 속도 80km/h로 제한합니다. 안전 운전하세요.,1.938,5.338,7.372,2.118,7.2,84.0,12055.1,1.41,1.41,STT[OnDevice (Timeout)] -> LLM[OnDevice (Late)],speed_limit(80km/h),0.352,0.352,1.055,1.055,12056
EC_0179-5388-04-04-PSJ-F-04-A.wav,OnDevice (Late),OnDevice (Late),정차 3분 후 뒷자리 차문 자동연림 설정에,control,"자동 연비 설정 완료, 안전 운행에 집중하세요.",2.155,4.861,7.045,1.727,8.5,83.6,12055.0,1.17,1.17,STT[OnDevice (Late)] -> LLM[OnDevice (Late)],설정(뒷자리 차문 자동 연비),0.469,0.469,0.703,0.703,12055
EC_0179-5389-04-04-PSJ-F-04-A.wav,OnDevice (Timeout),OnDevice (Late),그 수석 참은 니가 닫아줘,control,창문 닫았습니다. 안전 운전하세요.,1.899,4.366,6.403,2.884,7.7,83.9,12055.0,1.32,1.32,STT[OnDevice (Timeout)] -> LLM[OnDevice (Late)],window_close(수석 창),0.425,0.425,0.894,0.894,12055
EC_0179-5390-04-04-PSJ-F-04-A.wav,OnDevice (Late),OnDevice (Late),10초 이상 반응이 없으면 보험사에 연락과 동시에 구급차를 불러줘.,control,긴급 상황입니다. 즉시 지원 요청합니다.,2.334,4.62,6.985,1.474,9.1,81.4,12056.4,1.39,1.39,STT[OnDevice (Late)] -> LLM[OnDevice (Late)],emergency(구급차 및 보험사 연락),0.352,0.352,1.157,1.519,12057
EC_0179-5391-04-04-PSJ-F-04-A.wav,OnDevice (Timeout),OnDevice (Late),자석온도 한단계에 맞춰줘.,control,자석온도 1단계로 조절 중입니다.,1.919,4.439,6.473,2.452,7.7,82.4,12055.9,1.35,1.35,STT[OnDevice (Timeout)] -> LLM[OnDevice (Late)],adjust_temperature(1단계),0.498,0.498,0.967,0.967,12056
EC_0179-5392-04-04-PSJ-F-04-A.wav,OnDevice (Late),OnDevice (Late),마지막으로 자료제공 사용한 기록을 알려드리겠습니다.,info,최근 자료 제공 기록은 없습니다. 안전 운전하세요.,2.047,3.701,5.777,1.719,8.5,79.7,12055.2,1.2,1.2,STT[OnDevice (Late)] -> LLM[OnDevice (Late)],Search(사용 기록),0.425,0.425,0.776,0.776,12056
EC_0179-5393-04-04-PSJ-F-04-A.wav,OnDevice (Timeout),OnDevice (Late),지금 자율적인 모드 어때?,info,현재 자율 주행 모드는 비활성화되어 있습니다. 안전 운전이 우선입니다.,1.797,4.73,6.763,3.047,7.6,84.0,12056.0,1.36,1.36,STT[OnDevice (Timeout)] -> LLM[OnDevice (Late)],Search(자율 주행 모드),0.542,0.542,0.82,0.82,12056
EC_0179-5394-04-04-PSJ-F-04-A.wav,OnDevice (Late),OnDevice (Late),이제 자동주행으로 다니는게 가능한지 알려줘.,info,현재 해당 차량 모델의 자동주행 기능 지원 여부는 확인 필요합니다.,2.029,4.37,6.431,1.848,7.9,84.3,12056.0,1.36,1.36,STT[OnDevice (Late)] -> LLM[OnDevice (Late)],Search(자동주행 가능 여부),0.469,0.469,0.894,0.894,12056
EC_0179-5395-04-04-PSJ-F-04-A.wav,OnDevice (Timeout),OnDevice (Late),사선이 스티모드 하지마,control,사선 스티모드 해제 완료.,1.854,3.772,5.81,2.483,8.2,79.8,12056.0,1.13,1.49,STT[OnDevice (Timeout)] -> LLM[OnDevice (Late)],disable_steer_mode(None),0.352,0.713,0.894,0.894,12056
EC_0179-5396-04-04-PSJ-F-04-A.wav,OnDevice (Timeout),OnDevice (Late),에어컨은 현재 온도보다 시원하게,control,에어컨 설정 온도 조절 중입니다.,1.925,4.253,6.298,2.233,7.6,84.3,12056.0,1.41,11.94,STT[OnDevice (Timeout)] -> LLM[OnDevice (Late)],adjust_temperature(시원하게),0.586,0.586,0.82,11.354,12056
EC_0179-5397-04-04-PSJ-F-04-A.wav,OnDevice (Timeout),OnDevice (Late),이 자리 창문 잠금 모드 켜줘.,control,창문 잠금 모드 활성화 완료.,1.951,4.368,6.427,2.231,7.8,81.0,12056.1,1.17,18.57,STT[OnDevice (Timeout)] -> LLM[OnDevice (Late)],lock(창문 잠금 모드),0.352,5.539,0.82,13.035,12057
EC_0179-5398-04-04-PSJ-F-04-A.wav,OnDevice (Timeout),OnDevice (Late),각길에 잠깐 정차해야겠어요.,control,정차 위치를 확인하고 안전에 유의하세요.,1.827,4.635,6.669,2.711,7.3,84.0,12056.0,1.17,3.82,STT[OnDevice (Timeout)] -> LLM[OnDevice (Late)],stop(안전한 곳에 정차),0.352,3.0,0.82,0.82,12056
EC_0179-5399-04-04-PSJ-F-04-A.wav,OnDevice (Late),OnDevice (Late),앰뷸런스에 지나갈 수 있게 킬 열어줘.,control,앰뷸런스 통행에 맞춰 차선 변경합니다.,2.137,4.383,6.557,2.376,8.1,80.1,12058.0,1.13,2.17,STT[OnDevice (Late)] -> LLM[OnDevice (Late)],unlock(차선 변경),0.425,1.106,0.82,1.182,12059
EC_0179-5400-04-04-PSJ-F-04-A.wav,OnDevice (Late),OnDevice (Late),길을 비켜줘야 고급차량이 빨리 갈 수 있어.,control,"네, 안전하게 차선 변경합니다.",2.041,4.374,6.447,1.99,7.6,82.3,12074.0,1.17,1.17,STT[OnDevice (Late)] -> LLM[OnDevice (Late)],LaneChange(오른쪽 차선 변경),0.352,0.352,0.82,0.82,12074
EC_0179-5401-04-04-PSJ-F-04-A.wav,OnDevice (Timeout),OnDevice (Late),갓길에서 대기,chat,"갓길에 안전하게 대기하시고, 도움 요청 필요하면 알려주세요.",1.721,3.484,5.529,2.973,7.6,79.8,12075.0,1.05,2.44,STT[OnDevice (Timeout)] -> LLM[OnDevice (Late)],N/A,0.352,0.352,0.703,2.162,12075
EC_0179-5402-04-04-PSJ-F-04-A.wav,OnDevice (Timeout),OnDevice (Late),자동운전 언제 사용해?,info,"현재는 특정 조건 하에 제한적으로 사용 중이며, 안전성 확보가 최우선입니다.",1.793,4.553,6.605,3.058,7.6,82.6,12074.0,1.41,3.09,STT[OnDevice (Timeout)] -> LLM[OnDevice (Late)],Search(자동운전),0.586,0.586,0.82,2.504,12074
EC_0179-5403-04-04-PSJ-F-04-A.wav,OnDevice (Timeout),OnDevice (Late),갓필로 바꿔서 잠시 생물내기,control,갓필 채널로 변경했습니다.,1.989,3.986,6.021,2.389,8.1,81.3,12074.0,1.18,2.17,STT[OnDevice (Timeout)] -> LLM[OnDevice (Late)],change_radio(갓필),0.352,0.352,0.943,1.934,12074
EC_0179-5404-04-04-PSJ-F-04-A.wav,OnDevice (Timeout),OnDevice (Late),사선 무지마도 보실 수 있습니다.,info,사선 무지마도는 주의해야 할 도로 구간입니다. 안전 운전하세요.,1.886,4.549,6.585,2.494,7.6,82.1,12075.0,1.53,13.7,STT[OnDevice (Timeout)] -> LLM[OnDevice (Late)],Search(사선 무지마도),0.586,6.924,0.943,7.033,12075
EC_0179-5405-04-04-PSJ-F-04-A.wav,OnDevice (Timeout),OnDevice (Late),앞으로 통근 자율주행 시간은 얼마야?,info,"현재 15분 거리, 10분 예상 도착 시간입니다.",1.916,4.475,6.512,2.467,7.6,83.6,12075.0,1.29,2.12,STT[OnDevice (Timeout)] -> LLM[OnDevice (Late)],Search(통근 자율주행 시간),0.469,0.621,0.82,1.502,12075
EC_0179-5406-04-04-PSJ-F-04-A.wav,OnDevice (Late),OnDevice (Late),좌석의 바람이 안 통해 흥분기 는 켜져,chat,"네, 불편하시겠네요. 잠시 후 조수석 에어컨을 작동시켜 드릴게요.",2.147,3.891,6.07,1.632,8.2,79.0,12075.0,1.05,1.05,STT[OnDevice (Late)] -> LLM[OnDevice (Late)],N/A,0.352,0.352,0.82,0.82,12075
EC_0179-5407-04-04-PSJ-F-04-A.wav,OnDevice (Late),OnDevice (Late),エアコン温度は2℃を下げます。,chat,알겠습니다. 온도 조절합니다.,2.045,2.512,4.584,1.442,9.1,76.6,12077.0,1.05,1.68,STT[OnDevice (Late)] -> LLM[OnDevice (Late)],N/A,0.586,1.215,0.469,1.305,12077
EC_0179-5408-04-04-PSJ-F-04-A.wav,OnDevice (Timeout),OnDevice (Late),앞 시트만 통통 켜주겠니?,control,앞 시트 조명이 켜졌습니다. 안전 운전하세요.,1.923,4.658,6.691,2.859,7.9,84.1,12076.0,1.36,15.51,STT[OnDevice (Timeout)] -> LLM[OnDevice (Late)],turn_on(front seat),0.469,7.461,0.894,8.05,12076
EC_0179-5409-04-04-PSJ-F-04-A.wav,OnDevice (Late),OnDevice (Late),원재시 보험회사랑 자동으로 연결해야 해.,control,보험 자동 연결 중입니다.,2.047,3.963,6.041,1.736,7.0,81.8,12090.0,1.25,5.51,STT[OnDevice (Late)] -> LLM[OnDevice (Late)],보험 연결(원재시 보험회사),0.308,0.308,0.938,5.205,12090
EC_0179-5410-04-04-PSJ-F-04-A.wav,OnDevice (Timeout),OnDevice (Late),자율 기행 속도 지금 체크해줘.,info,현재 속도는 시속 60km입니다. 안전 운전하세요.,1.94,4.063,6.072,2.108,7.5,81.8,12091.8,1.29,1.29,STT[OnDevice (Timeout)] -> LLM[OnDevice (Late)],Search(현재 속도),0.469,0.469,0.82,0.82,12092
EC_0179-5411-04-04-PSJ-F-04-A.wav,OnDevice (Timeout),OnDevice (Late),기상식 공사 연락정로 발신 설정에,control,기상식 공사 연락 설정 완료했습니다.,1.974,4.268,6.304,1.876,6.6,84.0,12091.0,1.41,1.41,STT[OnDevice (Timeout)] -> LLM[OnDevice (Late)],call(기상식 공사),0.469,0.469,1.055,1.055,12091
EC_0179-5412-04-04-PSJ-F-04-A.wav,OnDevice (Timeout),OnDevice (Late),시트통 통 파워모드로 시련,chat,알겠습니다. 시트통 파워 모드로 설정합니다.,1.922,3.001,5.035,1.748,8.6,76.4,12091.0,0.94,1.3,STT[OnDevice (Timeout)] -> LLM[OnDevice (Late)],N/A,0.469,0.469,0.469,0.83,12091
EC_0179-5413-04-04-PSJ-F-04-A.wav,OnDevice (Timeout),OnDevice (Late),여기서부터 비상장치 모두 꺼줄래?,control,비상장치 전원 차단 완료. 안전 운전하세요.,1.975,4.173,6.207,1.952,8.1,80.2,12092.0,1.29,1.29,STT[OnDevice (Timeout)] -> LLM[OnDevice (Late)],disable_all_systems(None),0.352,0.352,0.938,0.938,12092
EC_0179-5414-04-04-PSJ-F-04-A.wav,OnDevice (Late),OnDevice (Late),보험회사에 자동으로 전화연결하고 어떻게 성공하나인지 설명해줘.,info,"보험사별 자동 연결 방법은 다릅니다. 대부분의 경우, '0' 누르면 연결됩니다. 자세한 방법은 보험사 홈페이지를 참고하세요.",2.233,5.92,8.185,1.624,7.7,85.4,12093.0,1.64,4.26,STT[OnDevice (Late)] -> LLM[OnDevice (Late)],Search(보험회사 자동 연결),0.469,1.15,1.289,5.609,12093
EC_0179-5415-04-04-PSJ-F-04-A.wav,OnDevice (Late),OnDevice (Late),히터 온도가 너무 낮아. 뚝-게 올려줘.,control,히터 온도 조절 완료. 안전 운전하세요.,2.1,4.858,6.987,2.426,7.6,73.3,12093.0,1.29,14.06,STT[OnDevice (Late)] -> LLM[OnDevice (Late)],adjust_temperature(히터 온도 22도),0.586,7.688,0.82,6.49,12093
EC_0179-5416-04-04-PSJ-F-04-A.wav,OnDevice (Late),OnDevice (Late),소명분도 26도로에서 에어컨 트럭,info,"소명분도 26도, 트럭 에어컨 운행 중",2.04,4.379,6.448,2.028,7.7,84.1,12093.1,1.29,1.97,STT[OnDevice (Late)] -> LLM[OnDevice (Late)],Search(에어컨 트럭),0.469,0.469,0.82,1.863,12094
EC_0179-5417-04-04-PSJ-F-04-A.wav,OnDevice (Late),OnDevice (Late),기상시에는 자동으로 보험의자에 연락해줘.,control,알겠습니다. 안전 운전하세요.,2.107,4.369,6.482,1.863,7.8,81.0,12093.0,1.17,2.77,STT[OnDevice (Late)] -> LLM[OnDevice (Late)],알림 설정(자동 보험자석 알림),0.352,0.352,0.82,2.423,12093
EC_0179-5418-04-04-PSJ-F-04-A.wav,OnDevice (Timeout),OnDevice (Late),계속 2차선 위치에서 운전해.,control,계속 2차선 유지합니다.,1.918,4.277,6.322,2.341,7.8,84.0,12091.0,1.05,14.81,STT[OnDevice (Timeout)] -> LLM[OnDevice (Late)],maintain_lane(현재 차선 유지),0.352,8.182,0.703,6.625,12091
EC_0179-5419-04-04-PSJ-F-04-A.wav,OnDevice (Timeout),OnDevice (Late),자율주행기는 지금 쓸 수 있을까?,info,현재 자율주행 기능은 지원하지 않습니다. 안전 운전을 위해 주의해주세요.,1.887,4.447,6.492,2.459,7.6,83.1,12093.0,1.25,3.89,STT[OnDevice (Timeout)] -> LLM[OnDevice (Late)],Search(자율주행기),0.352,3.0,0.894,1.575,12093
EC_0179-5420-04-04-PSJ-F-04-A.wav,OnDevice (Late),OnDevice (Late),시트 온도가 너무 높아서 그런데 통통 좀 켜줘,control,통풍 시트 작동 중입니다. 시원해지세요.,2.014,4.568,6.618,1.838,7.8,79.1,12092.0,1.17,1.17,STT[OnDevice (Late)] -> LLM[OnDevice (Late)],AC(통풍 시트),0.352,0.352,0.938,0.938,12092
EC_0179-5421-04-04-PSJ-F-04-A.wav,OnDevice (Timeout),OnDevice (Late),자율주행속도 변화 공정,info,자율주행 시스템은 교통 상황에 따라 자동으로 속도를 조절합니다.,1.849,4.722,6.763,2.621,7.5,83.9,12093.0,1.17,1.17,STT[OnDevice (Timeout)] -> LLM[OnDevice (Late)],Search(자율주행 속도 변화 공정),0.352,0.352,0.938,0.938,12093
EC_0179-5422-04-04-PSJ-F-04-A.wav,OnDevice (Timeout),OnDevice (Late),앞차가 정차하면 따라서 정차해.,control,안전 운전하세요.,1.912,3.769,5.808,2.151,7.7,81.5,12093.0,1.05,1.05,STT[OnDevice (Timeout)] -> LLM[OnDevice (Late)],brake(따라 정지),0.352,0.352,0.703,0.703,12093
EC_0179-5423-04-04-PSJ-F-04-A.wav,OnDevice (Late),OnDevice (Late),짐 싫어야 하니 전자창문 열어줄래?,chat,"네, 짐을 정리할 수 있도록 창문을 열어드리겠습니다.",2.067,3.307,5.407,1.917,8.1,78.0,12092.0,1.05,1.74,STT[OnDevice (Late)] -> LLM[OnDevice (Late)],N/A,0.469,0.469,0.703,1.385,12092
EC_0179-5424-04-04-PSJ-F-04-A.wav,OnDevice (Timeout),OnDevice (Late),시트에 바람 켜줘.,chat,"네, 바람 넣어드릴게요.",1.815,2.417,4.452,1.855,8.5,76.0,12092.0,0.94,1.57,STT[OnDevice (Timeout)] -> LLM[OnDevice (Late)],N/A,0.469,0.469,0.469,1.098,12092
EC_0179-5425-04-04-PSJ-F-04-A.wav,OnDevice (Timeout),OnDevice (Late),각길로 잠시 빠져줄래?,chat,"네, 잠시 벗어나겠습니다.",1.887,2.517,4.552,2.05,8.7,76.2,12092.0,0.94,11.98,STT[OnDevice (Timeout)] -> LLM[OnDevice (Late)],N/A,0.469,5.232,0.469,6.752,12092
EC_0179-5426-04-04-PSJ-F-04-A.wav,OnDevice (Timeout),OnDevice (Late),에어컨 세는 뒷자리 문 닫아,control,뒷자리 문을 닫았습니다. 안전 운전하세요.,1.975,4.566,6.606,2.447,7.6,81.6,12094.0,1.29,3.94,STT[OnDevice (Timeout)] -> LLM[OnDevice (Late)],window_close(뒷자리 문),0.469,0.469,0.938,3.586,12094
EC_0179-5427-04-04-PSJ-F-04-A.wav,OnDevice (Timeout),OnDevice (Late),자율주행속도 지금 어느정도야?,info,현재 속도는 시속 70km입니다. 안전 속도를 유지하고 있습니다.,1.917,4.541,6.574,2.609,7.8,82.4,12093.0,1.36,2.84,STT[OnDevice (Timeout)] -> LLM[OnDevice (Late)],Search(자율주행 속도),0.19,0.872,1.172,1.969,12093
EC_0179-5428-04-04-PSJ-F-04-A.wav,OnDevice (Timeout),OnDevice (Late),이상시에 차 바로 멈춰줘.,control,곧바로 멈춥니다. 안전운전하세요.,1.845,4.825,6.859,2.858,7.5,83.7,12092.0,1.29,1.85,STT[OnDevice (Timeout)] -> LLM[OnDevice (Late)],emergency_brake(안전하게 비상 정지),0.469,1.033,1.055,1.055,12092
EC_0179-5429-04-04-PSJ-F-04-A.wav,OnDevice (Timeout),OnDevice (Late),앞에 차 따라잡기 가능해?,info,현재 속도와 거리 정보를 확인 중입니다. 안전 거리를 유지하세요.,1.817,4.15,6.184,2.342,8.2,81.5,12093.0,1.17,1.17,STT[OnDevice (Timeout)] -> LLM[OnDevice (Late)],Search(차 따라잡기),0.469,0.469,0.82,0.82,12093
EC_0179-5430-04-04-PSJ-F-04-A.wav,OnDevice (Late),OnDevice (Late),뒷자리 통통 단계 하나 올려줄래?,control,뒷좌석 높이 조절 완료했습니다.,2.011,4.549,6.592,2.242,7.7,82.6,12093.0,1.29,1.65,STT[OnDevice (Late)] -> LLM[OnDevice (Late)],adjust_seat(뒷좌석 단계 1),0.469,0.83,0.82,0.82,12093
EC_0179-5431-04-04-PSJ-F-04-A.wav,OnDevice (Timeout),OnDevice (Late),조수석 쪽 문 열어,control,조수석 문 열었습니다. 안전 운전하세요.,1.76,4.437,6.475,2.917,7.2,83.9,12092.0,1.17,1.8,STT[OnDevice (Timeout)] -> LLM[OnDevice (Late)],open_door(조수석),0.352,0.352,0.82,1.449,12092
EC_0179-5432-04-04-PSJ-F-04-A.wav,OnDevice (Timeout),OnDevice (Late),뒷자리 문 절대 안 열리게 사자,control,뒷자리 문 잠금 설정 완료. 안전 운전하세요.,1.919,4.433,6.468,2.2,7.6,83.1,12093.0,1.17,13.34,STT[OnDevice (Timeout)] -> LLM[OnDevice (Late)],window_lock(뒷자리),0.352,9.029,0.82,4.312,12093
EC_0179-5433-04-04-PSJ-F-04-A.wav,OnDevice (Timeout),OnDevice (Late),자율주행 요청해도 괜찮아?,control,자율주행 모드로 전환 중입니다.,1.829,4.731,6.775,2.626,7.2,82.3,12092.0,1.17,2.03,STT[OnDevice (Timeout)] -> LLM[OnDevice (Late)],자율주행 활성화(현재 안전 운전 가능),0.352,0.352,0.938,1.869,12092
EC_0179-5434-04-04-PSJ-F-04-A.wav,OnDevice (Timeout),OnDevice (Late),자율주의인 가능성러브 체크할게,chat,알겠습니다. 안전운전하세요.,1.973,2.515,4.55,1.685,8.7,76.6,12092.0,0.86,1.23,STT[OnDevice (Timeout)] -> LLM[OnDevice (Late)],N/A,0.352,0.713,0.51,0.514,12092
EC_0179-5435-04-04-PSJ-F-04-A.wav,OnDevice (Timeout),OnDevice (Late),열려있는거 다 닫아주겠니?,control,창문 모두 닫았습니다. 안전 운전하세요.,1.91,4.565,6.611,2.755,7.7,84.1,12093.0,1.29,2.84,STT[OnDevice (Timeout)] -> LLM[OnDevice (Late)],windows_close(모든 창문),0.469,1.098,0.82,3.021,12093
EC_0179-5436-04-04-PSJ-F-04-A.wav,OnDevice (Timeout),OnDevice (Late),왼쪽 도차선으로 변경하죠.,control,왼쪽으로 변경합니다. 안전운전하세요.,1.888,4.244,6.28,2.326,7.6,84.0,12093.0,1.29,9.81,STT[OnDevice (Timeout)] -> LLM[OnDevice (Late)],lane_change(왼쪽),0.352,3.207,0.938,6.607,12093
EC_0179-5437-04-04-PSJ-F-04-A.wav,OnDevice (Timeout),OnDevice (Late),자율주행했던 날짜 알려줘.,info,2023년 10월 26일 자율주행 테스트 완료했습니다.,1.851,4.815,6.85,2.655,7.4,84.0,12093.1,1.29,1.97,STT[OnDevice (Timeout)] -> LLM[OnDevice (Late)],Search(자율주행 날짜),0.469,0.469,0.938,1.619,12094
EC_0179-5438-04-04-PSJ-F-04-A.wav,OnDevice (Timeout),OnDevice (Late),미세먼지 많으니까 전체 창문 원역,control,창문 닫았습니다. 안전 운전하세요.,1.916,4.462,6.506,2.169,7.6,82.6,12093.0,1.29,1.65,STT[OnDevice (Timeout)] -> LLM[OnDevice (Late)],window_closure(전체 창문),0.469,0.469,0.82,1.182,12093
EC_0179-5439-04-04-PSJ-F-04-A.wav,OnDevice (Timeout),OnDevice (Late),해풍이 오니까 비상정지 시작해라.,control,비상 정지 시작합니다. 안전을 최우선으로 고려하세요.,1.982,4.08,6.122,1.73,8.1,80.0,12092.0,1.05,1.05,STT[OnDevice (Timeout)] -> LLM[OnDevice (Late)],emergency_stop(None),0.352,0.352,0.703,4.225,12092
EC_0179-5440-04-04-PSJ-F-04-A.wav,OnDevice (Timeout),OnDevice (Late),安若瑄你有功課命嗎?,chat,안녕! 지금은 운전 중이라 쉴 새 없이 질문에 답하기 어려워.,1.926,3.67,5.705,2.502,8.2,81.5,12094.0,1.05,17.96,STT[OnDevice (Timeout)] -> LLM[OnDevice (Late)],N/A,0.469,11.861,0.703,6.429,12094
EC_0179-5441-04-04-PSJ-F-04-A.wav,OnDevice (Timeout),OnDevice (Late),사선 유지 모두 사용 안 할래,control,사선 유지 기능이 꺼졌습니다. 안전 운전하세요.,1.817,4.926,6.962,2.368,7.4,82.4,12094.0,1.41,3.34,STT[OnDevice (Timeout)] -> LLM[OnDevice (Late)],Lane Keeping Off(사선 유지 기능 해제),0.469,0.678,0.938,2.709,12094
EC_0179-5442-04-04-PSJ-F-04-A.wav,OnDevice (Timeout),OnDevice (Late),잠시 닫기를 멈춰봐,chat,"네, 잠시 멈춰볼게요.",1.869,2.703,4.737,2.134,8.3,76.2,12095.8,0.94,3.95,STT[OnDevice (Timeout)] -> LLM[OnDevice (Late)],N/A,0.469,1.098,0.469,4.652,12096
EC_0179-5443-04-04-PSJ-F-04-A.wav,OnDevice (Late),OnDevice (Late),자율주행으로 달린 총 거리가 몇 킬로미터인지 알려줘.,info,현재 자율주행 거리 5.2km입니다. 안전 운전하세요.,2.196,4.507,6.731,1.65,7.9,83.0,12096.0,1.29,10.22,STT[OnDevice (Late)] -> LLM[OnDevice (Late)],Search(자율주행 거리),0.352,3.568,0.938,6.652,12096
EC_0179-5444-04-04-PSJ-F-04-A.wav,OnDevice (Timeout),OnDevice (Late),아차있는 자문을 모두 열자.,chat,"네, 안전 운전에 필요한 모든 정보를 제공해 드리겠습니다.",1.85,2.991,5.025,1.675,8.9,76.2,12096.0,0.82,1.5,STT[OnDevice (Timeout)] -> LLM[OnDevice (Late)],N/A,0.352,0.352,0.586,1.268,12096
EC_0179-5445-04-04-PSJ-F-04-A.wav,OnDevice (Timeout),OnDevice (Late),돌아가시면 되니까 밖으로 이동해 줘,control,"네, 안전하게 이동합니다.",1.915,3.885,5.931,1.901,8.0,80.3,12095.0,1.29,1.29,STT[OnDevice (Timeout)] -> LLM[OnDevice (Late)],move_out(출차),0.469,0.469,0.938,0.938,12095
EC_0179-5446-04-04-PSJ-F-04-A.wav,OnDevice (Timeout),OnDevice (Late),하선 유지 모드 설정 제거 부탁해.,control,하선 유지 모드 제거 완료. 안전 운전하세요.,1.938,4.546,6.585,2.439,7.6,82.4,12096.1,1.52,12.24,STT[OnDevice (Timeout)] -> LLM[OnDevice (Late)],remove(하선 유지 모드),0.352,0.98,1.172,11.258,12097
EC_0179-5447-04-04-PSJ-F-04-A.wav,OnDevice (Late),OnDevice (Late),자율식이 가능한 시쿵쿵하고 야기의 손,chat,운전 중에는 말씀 나누기 어렵습니다. 안전을 위해 집중해주세요.,4.599,3.305,7.909,2.197,10.0,84.6,12469.0,1.29,12.67,STT[OnDevice (Late)] -> LLM[OnDevice (Late)],N/A,0.82,4.832,0.586,7.951,12587
EC_0179-5448-04-04-PSJ-F-04-A.wav,OnDevice (Timeout),OnDevice (Late),선을 들어간다 시동삭 창문을 올려,control,시동 걸었습니다. 안전 운전하세요.,1.969,4.144,6.176,2.144,8.5,81.8,12587.0,1.05,7.2,STT[OnDevice (Timeout)] -> LLM[OnDevice (Late)],시동(시동 ON),0.586,4.078,0.586,3.234,12587
EC_0179-5449-04-04-PSJ-F-04-A.wav,OnDevice (Timeout),OnDevice (Late),일주일 평균 자율주행 시간 알려줘,info,일주일 평균 자율주행 시간은 10시간 내외입니다.,1.946,4.342,6.389,2.048,7.6,84.0,12587.4,1.41,2.09,STT[OnDevice (Timeout)] -> LLM[OnDevice (Late)],Search(자율주행 시간),0.586,0.586,0.82,1.502,12588
EC_0179-5450-04-04-PSJ-F-04-A.wav,OnDevice (Timeout),OnDevice (Late),사선 이동 오른쪽으로 진행해요.,control,"사선 이동, 오른쪽으로 진행합니다.",1.854,4.155,6.189,2.344,15.1,80.3,12587.0,1.05,1.05,STT[OnDevice (Timeout)] -> LLM[OnDevice (Late)],lane_change(오른쪽),0.234,0.234,0.82,0.82,12587
EC_0179-5451-04-04-PSJ-F-04-A.wav,OnDevice (Timeout),OnDevice (Late),저기 있는 앞차와 뒷공문이 쫓아가고,chat,"네, 조심하세요. 안전운전!",2.0,2.736,4.77,1.807,9.1,78.6,12586.0,1.05,2.05,STT[OnDevice (Timeout)] -> LLM[OnDevice (Late)],N/A,0.469,0.469,0.586,2.104,12586
EC_0179-5452-04-04-PSJ-F-04-A.wav,OnDevice (Timeout),OnDevice (Late),현재 자율주행 속도 좀 재주겠니?,info,현재 속도는 시속 60km입니다.,1.936,3.597,5.646,2.189,7.9,79.8,12586.2,1.29,1.65,STT[OnDevice (Timeout)] -> LLM[OnDevice (Late)],Search(현재 속도),0.469,0.83,0.82,0.82,12587
EC_0179-5453-04-04-PSJ-F-04-A.wav,OnDevice (Timeout),OnDevice (Late),에어컨 빨리 돌려,control,에어컨을 최대 설정으로 작동시킵니다.,1.789,4.436,6.468,3.593,7.3,83.0,12604.0,1.52,2.21,STT[OnDevice (Timeout)] -> LLM[OnDevice (Late)],air_conditioner(최대),0.469,0.469,1.055,1.736,12604
EC_0179-5454-04-04-PSJ-F-04-A.wav,OnDevice (Timeout),OnDevice (Late),시트 내장성품이 작동시켜봐.,control,시트 자동 조절 시작합니다.,2.004,4.057,6.112,2.264,8.3,79.5,12607.5,1.29,1.92,STT[OnDevice (Timeout)] -> LLM[OnDevice (Late)],seat_adjustment(자동 조절),0.352,0.352,0.938,3.104,12608
EC_0179-5455-04-04-PSJ-F-04-A.wav,OnDevice (Timeout),OnDevice (Late),앞에 차 가는 길을 함께 주행하도록 하자.,control,안전거리 유지하며 따라가겠습니다.,1.949,4.467,6.503,1.97,7.8,82.9,12607.0,1.52,13.55,STT[OnDevice (Timeout)] -> LLM[OnDevice (Late)],follow_vehicle(앞차 유지하며 주행),0.586,9.125,0.938,7.078,12607
EC_0179-5456-04-04-PSJ-F-04-A.wav,OnDevice (Timeout),OnDevice (Late),오른쪽 차선으로 이동하는 걸 도와줘.,control,오른쪽 차선으로 이동합니다. 안전운전하세요.,1.958,4.851,6.885,2.165,7.6,83.7,12607.0,1.29,2.28,STT[OnDevice (Timeout)] -> LLM[OnDevice (Late)],lane_change(오른쪽 차선),0.469,0.469,0.82,2.334,12607
EC_0179-5457-04-04-PSJ-F-04-A.wav,OnDevice (Timeout),OnDevice (Late),너무 추워 실력 운명이 높아져,chat,운전에는 집중해야 해요. 안전이 최우선입니다.,1.917,3.092,5.143,1.948,8.6,79.0,12607.0,0.82,12.57,STT[OnDevice (Timeout)] -> LLM[OnDevice (Late)],N/A,0.352,6.221,0.703,7.307,12607
EC_0179-5458-04-04-PSJ-F-04-A.wav,OnDevice (Late),OnDevice (Late),전체 자국 26도로 따뜻하게 만들어줘.,control,온도 26도로 설정했습니다. 안전 운전하세요.,2.008,4.459,6.5,1.97,7.7,84.0,12608.0,1.17,3.87,STT[OnDevice (Late)] -> LLM[OnDevice (Late)],climate(26도),0.469,0.514,0.82,3.477,12608
EC_0179-5459-04-04-PSJ-F-04-A.wav,OnDevice (Timeout),OnDevice (Late),도둑차 통과하게 차 빼줘.,control,안전하게 차선 변경 부탁드립니다.,1.924,4.538,6.571,2.671,7.4,83.7,12626.0,1.17,1.85,STT[OnDevice (Timeout)] -> LLM[OnDevice (Late)],차선 변경(오른쪽 차선으로 변경),0.352,1.033,0.938,0.938,12626
EC_0179-5460-04-04-PSJ-F-04-A.wav,OnDevice (Timeout),OnDevice (Late),사안 냉방해줘,control,냉방 온도 22도로 설정했습니다. 안전 운전하세요.,1.76,4.723,6.76,2.889,7.3,83.9,12626.0,1.17,2.16,STT[OnDevice (Timeout)] -> LLM[OnDevice (Late)],adjust_temperature(22도),0.469,0.469,0.938,1.928,12626
EC_0179-5461-04-04-PSJ-F-04-A.wav,OnDevice (Timeout),OnDevice (Late),일반 주행속도 70으로 저장,control,일반 주행 속도 70km/h로 설정 완료했습니다.,1.818,4.86,6.909,2.559,7.9,81.0,12626.0,1.29,14.21,STT[OnDevice (Timeout)] -> LLM[OnDevice (Late)],set_speed(70),0.469,7.512,0.938,9.463,12626
EC_0179-5462-04-04-PSJ-F-04-A.wav,OnDevice (Timeout),OnDevice (Late),2차선만 통풍기 꺼주라,control,2차선 통풍기 꺼드렸습니다. 안전 운전하세요.,1.914,5.114,7.164,3.062,7.5,84.0,12626.0,1.25,11.38,STT[OnDevice (Timeout)] -> LLM[OnDevice (Late)],통풍기_꺼짐(2차선 유지),0.352,0.352,1.128,11.259,12626
EC_0179-5463-04-04-PSJ-F-04-A.wav,OnDevice (Timeout),Cloud (Quality),앰뷸런스의 귀양보기,info,앰뷸런스가 접근하면 길을 양보해야 합니다.,1.879,1.065,3.1,1.614,12.6,65.7,12626.3,731.64,20.1,STT[OnDevice (Timeout)] -> LLM[Cloud (Quality)],Search(앰뷸런스 귀양보기),729.112,20.05,6.511,7.695,12628
EC_0179-5464-04-04-PSJ-F-04-A.wav,Cloud,Cloud (Quality),3종 집어넣어,control,기어를 3단으로 변경합니다.,0.831,1.329,2.199,1.182,17.7,64.3,12624.7,595.11,28.43,STT[Cloud] -> LLM[Cloud (Quality)],기어 변경(3단),181.358,15.782,413.942,14.194,12625
EC_0179-5465-04-04-PSJ-F-04-A.wav,Cloud,Cloud (Quality),막다른 길이야. 갓길에서 길 찾고 가죠.,control,안전한 곳에 정차 후 길을 찾으세요.,1.205,1.493,2.733,0.828,10.0,65.3,12623.0,316.52,5.7,STT[Cloud] -> LLM[Cloud (Quality)],정차(갓길),313.974,5.653,2.677,2.291,12623
EC_0179-5466-04-04-PSJ-F-04-A.wav,Cloud,Cloud (Quality),폭풍에서 앞차 추월해,control,폭풍우로 추월은 위험합니다. 안전 운전하세요.,0.725,1.111,1.867,0.841,20.1,97.0,12625.0,215.12,4.04,STT[Cloud] -> LLM[Cloud (Quality)],추월 금지(폭풍우로 인한 위험),212.466,3.839,2.848,2.412,12625
EC_0179-5467-04-04-PSJ-F-04-A.wav,Cloud,Cloud (Quality),뒷자리 참문 잠근 상태 유지하세요,control,뒷자리 잠금 상태를 유지합니다.,1.028,0.782,1.843,0.579,13.4,97.0,12626.0,305.24,7.08,STT[Cloud] -> LLM[Cloud (Quality)],lock(rear doors),302.702,6.981,2.606,2.022,12626
EC_0179-5468-04-04-PSJ-F-04-A.wav,OnDevice (Late),Cloud (Quality),다섯 원두가 지금처럼 웃돌되어 있습니다.,chat,커피 원두가 잘 준비되었군요!,2.041,1.237,3.286,1.369,13.1,71.8,12627.0,233.11,18.91,STT[OnDevice (Late)] -> LLM[Cloud (Quality)],N/A,229.233,11.633,3.942,9.293,12627
EC_0179-5469-04-04-PSJ-F-04-A.wav,Cloud,Cloud (Quality),가을 주행 모드 설정은 유일한 요정,control,가을 주행 모드로 설정했습니다. 안전 운전하세요!,1.187,0.997,2.217,0.77,16.2,65.3,12624.7,276.88,8.52,STT[Cloud] -> LLM[Cloud (Quality)],주행 모드 설정(가을),274.341,7.788,2.607,2.302,12625
EC_0179-5470-04-04-PSJ-F-04-A.wav,Cloud,Cloud (Quality),최근 일주일 자율주행 킬로미터 수에 읽어줘.,control,최근 일주일 자율주행 거리: 150km입니다.,0.842,0.909,1.785,0.541,16.7,95.5,12625.0,316.59,5.36,STT[Cloud] -> LLM[Cloud (Quality)],자율주행 기록 조회(최근 일주일),313.974,5.156,2.685,3.312,12625
EC_0179-5471-04-04-PSJ-F-04-A.wav,Cloud,Cloud (Quality),시동키면 모든 문 잠겨지도록 해주세요.,control,시동 시 모든 문이 자동으로 잠깁니다.,1.021,1.491,2.56,0.776,17.8,65.3,12625.0,316.26,11.96,STT[Cloud] -> LLM[Cloud (Quality)],자동 잠금 설정(시동 시),313.716,8.999,2.613,4.528,12625
EC_0179-5472-04-04-PSJ-F-04-A.wav,Cloud,Cloud (Quality),함께 되도록 고수석 창문 조금만 내려 놓으세요.,control,창문을 조금 내립니다.,1.044,1.049,2.125,0.656,16.5,99.0,12624.0,310.82,9.38,STT[Cloud] -> LLM[Cloud (Quality)],창문 내리기(조금),308.263,9.281,2.624,1.646,12624
EC_0179-5473-04-04-PSJ-F-04-A.wav,Cloud,Cloud (Quality),자유시간 가능 여부 말해줘,chat,지금 운전 중이라면 안전이 우선입니다. 잠시 후 확인해 보세요.,1.288,1.238,2.569,1.127,16.7,62.0,12626.0,220.37,8.5,STT[Cloud] -> LLM[Cloud (Quality)],N/A,217.833,8.394,2.597,1.67,12626
EC_0179-5474-04-04-PSJ-F-04-A.wav,Cloud,Cloud (Quality),앞차 주행 경로 따라가.,control,앞차 경로를 따라갑니다.,1.837,1.266,3.141,1.217,14.5,65.3,12624.7,248.59,5.84,STT[Cloud] -> LLM[Cloud (Quality)],주행 경로 변경(앞차 경로 추적),246.065,5.738,2.592,1.662,12625
EC_0179-5475-04-04-PSJ-F-04-A.wav,Cloud,Cloud (Late),이장시에 자동으로 보험사에 연락해줘.,control,이장시 자동으로 보험사에 연락하도록 설정했습니다.,1.122,2.909,4.064,1.278,18.5,73.8,12624.0,305.06,6.39,STT[Cloud] -> LLM[Cloud (Late)],자동 보험사 연락 설정(이장시),302.509,6.287,2.612,1.681,12624
EC_0179-5476-04-04-PSJ-F-04-A.wav,Cloud,Cloud (Quality),10초만 있다가 사선 왼쪽으로 바꿔줘.,control,10초 후 사선 왼쪽으로 변경합니다.,0.81,1.263,2.107,0.566,18.4,98.5,12625.0,356.07,4.95,STT[Cloud] -> LLM[Cloud (Quality)],차선 변경(사선 왼쪽),353.521,4.845,2.609,1.666,12625
EC_0179-5477-04-04-PSJ-F-04-A.wav,OnDevice (Late),Cloud (Quality),긴급 후송중인 자량은 무조건 양보해줘.,control,긴급 차량에 양보합니다. 안전 운전하세요.,2.124,1.498,3.66,1.13,13.3,69.2,12624.8,312.09,8.94,STT[OnDevice (Late)] -> LLM[Cloud (Quality)],양보(긴급 차량),308.134,4.373,4.022,6.614,12625
EC_0179-5478-04-04-PSJ-F-04-A.wav,Cloud,Cloud (Quality),전체자리동선 중간단계에 맞춰,control,경로를 중간단계로 조정합니다.,0.85,0.796,1.684,0.529,18.8,97.0,12625.0,305.05,4.84,STT[Cloud] -> LLM[Cloud (Quality)],경로 변경(중간단계),302.509,4.74,2.602,1.652,12625
EC_0179-5479-04-04-PSJ-F-04-A.wav,Cloud,Cloud (Quality),시끄러우니 비상장치 목욕 꺼줘,control,비상장치를 껐습니다. 안전 운전하세요.,0.928,0.917,1.891,0.584,17.9,97.0,12625.0,310.74,4.84,STT[Cloud] -> LLM[Cloud (Quality)],비상장치(꺼짐),308.198,4.684,2.603,1.716,12625
EC_0179-5480-04-04-PSJ-F-04-A.wav,Cloud,Cloud (Quality),자율주행 기록 그래프로 보여줘.,control,자율주행 기록을 그래프로 표시합니다.,1.031,1.224,2.296,0.736,19.0,65.7,12625.0,299.66,4.99,STT[Cloud] -> LLM[Cloud (Quality)],display(autonomous driving records),297.077,4.839,2.645,1.73,12625
EC_0179-5481-04-04-PSJ-F-04-A.wav,Cloud,Cloud (Quality),차선 변경에서 응급차량 길터 조정,control,응급차량을 위해 차선을 변경합니다.,1.997,0.787,2.817,0.939,11.8,66.0,12625.0,288.15,7.4,STT[Cloud] -> LLM[Cloud (Quality)],차선 변경(응급차량 통행),285.612,7.246,2.606,1.716,12625
EC_0179-5482-04-04-PSJ-F-04-A.wav,Cloud,Cloud (Quality),방향이 상하로 움직이게 해줘,control,방향을 상하로 변경합니다.,1.929,0.675,2.638,1.073,13.9,65.7,12624.0,237.26,8.03,STT[Cloud] -> LLM[Cloud (Quality)],방향 변경(상하),234.729,6.639,2.6,7.181,12624
EC_0179-5483-04-04-PSJ-F-04-A.wav,Cloud,Cloud (Quality),지금 잘 진행되나요?,chat,"네, 잘 진행되고 있어요!",0.683,0.769,1.484,0.727,20.2,49.5,12625.0,197.75,6.87,STT[Cloud] -> LLM[Cloud (Quality)],N/A,195.226,6.246,2.588,2.226,12625
EC_0179-5484-04-04-PSJ-F-04-A.wav,OnDevice (Late),Cloud (Quality),SOS 차량이 뒤에 있으니 길을 내어주죠.,control,긴급 차량을 위해 차선을 변경합니다.,2.064,1.384,3.456,1.011,11.7,74.0,12626.0,328.99,13.93,STT[OnDevice (Late)] -> LLM[Cloud (Quality)],차선 변경(긴급 차량 통행),325.116,6.811,3.938,9.164,12626
EC_0179-5485-04-04-PSJ-F-04-A.wav,Cloud,Cloud (Quality),사람들 앉아있는 의자 따뜻하게 해줘.,control,의자 온도를 따뜻하게 조절합니다.,1.944,0.869,2.858,0.972,13.2,66.0,12626.0,282.6,6.42,STT[Cloud] -> LLM[Cloud (Quality)],시트 히터(온도 상승),280.052,6.319,2.61,1.677,12626
EC_0179-5486-04-04-PSJ-F-04-A.wav,Cloud,Cloud (Quality),자율주행 모드는 이제 꺼주자,control,자율주행 모드를 해제합니다.,1.002,1.541,2.575,1.047,15.8,65.7,12626.0,237.33,4.3,STT[Cloud] -> LLM[Cloud (Quality)],자율주행 모드 해제(사용자 요청),234.729,3.416,2.664,2.808,12626
EC_0179-5487-04-04-PSJ-F-04-A.wav,Cloud,Cloud (Quality),지금 자율주행 속도 몇 킬로미터요?,control,현재 자율주행 속도를 확인 중입니다.,0.886,1.251,2.178,0.637,17.4,66.0,12625.0,327.79,9.51,STT[Cloud] -> LLM[Cloud (Quality)],check_speed(현재 속도 확인),325.245,7.793,2.607,1.721,12625
EC_0179-5488-04-04-PSJ-F-04-A.wav,OnDevice (Timeout),Cloud (Quality),"26도, 에어컨 온도는 유지해줘.",control,에어컨 온도 26도로 유지합니다.,2.007,0.83,2.877,0.94,14.1,66.0,12626.0,295.18,8.96,STT[OnDevice (Timeout)] -> LLM[Cloud (Quality)],에어컨 온도 설정(26도),291.302,5.434,4.01,6.594,12626
EC_0179-5489-04-04-PSJ-F-04-A.wav,Cloud,Cloud (Quality),오른쪽으로 차로 1개 바꿔,control,오른쪽 차로로 변경합니다.,0.745,1.026,1.809,0.655,18.6,97.0,12626.0,265.49,5.94,STT[Cloud] -> LLM[Cloud (Quality)],change_lane(right),262.962,5.79,2.595,1.701,12626
EC_0179-5490-04-04-PSJ-F-04-A.wav,Cloud,Cloud (Quality),3보 방향을 확대해서 더 많이 유지해야합니다.,control,3보 방향을 확대합니다.,1.659,0.989,2.683,1.016,13.3,97.7,12626.0,254.31,6.5,STT[Cloud] -> LLM[Cloud (Quality)],확대(3보 방향),251.755,5.724,2.686,2.315,12626
EC_0179-5491-04-04-PSJ-F-04-A.wav,Cloud,Cloud (Quality),이상 정수 모드를 캠으로 설정,control,이상 정수 모드를 캠으로 설정했습니다.,0.905,1.302,2.257,0.8,21.2,98.0,12627.7,271.25,5.59,STT[Cloud] -> LLM[Cloud (Quality)],이상 정수 모드 설정(캠),268.716,5.493,2.601,1.659,12628
EC_0179-5492-04-04-PSJ-F-04-A.wav,Cloud,Cloud (Quality),지금 저기 앞에 있는 차 따라서 주행 부탁해,control,앞 차량을 따라 주행합니다.,1.012,0.758,1.806,0.547,20.9,99.0,12645.5,316.33,7.39,STT[Cloud] -> LLM[Cloud (Quality)],follow_vehicle(앞 차량),313.78,7.237,2.618,1.699,12662
EC_0179-5493-04-04-PSJ-F-04-A.wav,Cloud,Cloud (Quality),가서 본도 올려라,control,본선으로 진입합니다. 안전 운전하세요.,0.745,0.957,1.736,0.804,24.2,98.5,12665.0,209.08,4.36,STT[Cloud] -> LLM[Cloud (Quality)],속도 증가(본선 진입),206.562,4.206,2.584,1.726,12665
EC_0179-5494-04-04-PSJ-F-04-A.wav,Cloud,Cloud (Quality),구급차 오는 소리 나니까 길가로 붙자,control,안전하게 길가로 이동합니다.,1.883,0.837,2.753,0.882,18.6,98.3,12665.7,299.43,5.41,STT[Cloud] -> LLM[Cloud (Quality)],차량 이동(길가로 붙기),296.884,5.253,2.61,1.711,12666
EC_0179-5495-04-04-PSJ-F-04-A.wav,Cloud,Cloud (Quality),업무 도착하면 차 문 열어줘,control,도착 시 자동으로 문을 열겠습니다.,0.705,1.116,1.854,0.719,22.9,96.0,12663.0,248.66,5.59,STT[Cloud] -> LLM[Cloud (Quality)],문 열기 예약(업무 도착 시),246.13,5.44,2.598,1.808,12663
EC_0179-5496-04-04-PSJ-F-04-A.wav,Cloud,Cloud (Quality),이상 방지 시 스스로 보험사에 전화 걸어줘.,control,이상 발생 시 보험사에 전화 연결합니다.,0.885,1.581,2.502,0.707,20.5,98.7,12662.0,339.15,6.98,STT[Cloud] -> LLM[Cloud (Quality)],보험사 전화(이상 방지 시),336.601,6.877,2.618,1.671,12662
EC_0179-5497-04-04-PSJ-F-04-A.wav,Cloud,Cloud (Quality),자유지행 모드를 OFF로,control,자유주행 모드를 해제합니다.,0.598,1.136,1.772,0.739,23.1,99.0,12662.5,389.33,5.7,STT[Cloud] -> LLM[Cloud (Quality)],자유주행 모드 해제(사용자 요청),386.81,5.594,2.59,1.661,12663
EC_0179-5498-04-04-PSJ-F-04-A.wav,Cloud,Cloud (Quality),경찰차가 먼저 앞으로 지나가게,control,경찰차가 지나갈 때까지 속도를 줄입니다.,1.703,0.889,2.627,0.973,14.8,65.7,12662.0,259.98,4.73,STT[Cloud] -> LLM[Cloud (Quality)],차량 속도 감소(경찰차 우선 통과),257.444,4.531,2.603,1.74,12662
EC_0179-5500-04-04-PSJ-F-04-A.wav,OnDevice (Timeout),Cloud (Quality),이제 갓길에서 잠시 휴식해보자.,control,안전한 곳에 정차 후 휴식하세요.,1.954,1.301,3.336,1.135,12.5,73.5,12663.0,283.81,8.32,STT[OnDevice (Timeout)] -> LLM[Cloud (Quality)],정차(갓길 휴식),279.858,3.707,4.013,6.602,12663
